SRA_Run,CHROM,POS.start,POS.end,REF,ALT,SNPS,QUAL,Allele,Annotation,Annotation_Impact,Gene_Name,Gene_ID,Feature_Type,Feature_ID,Transcript_BioType,Rank,HGVS.c,HGVS.p,cDNA.pos/cDNA.length,CDS.pos/CDS.length,AA.pos/AA.length,Distance,ERRORS/WARNINGS/INFO,FORMAT,/media/volume/sdb/Pseud_284567/assembly/results/bam/SRR2037128.aligned.sorted.bam
SRR2037128,NC_002516.2,98901,98901,CTGGCTGTGGCTGTGGCTGTGGCTGTGGCTGTGGCTGTGGCTGTGGCTGTGGCTGTGGCTGTGGCTGT,CTGGCTGTGGCTGTGGCTGTGGCTGTGGCTGTGGCTGTGGCTGTGGCTGTGGCTGTGGCTGTGGCTGTGGCTGT,Insertion,50.3663,"INDEL;IDV=6;IMF=0.230769;DP=26;VDB=0.0354385;SGB=-0.616816;RPBZ=-2.92369;MQBZ=0;MQSBZ=0;BQBZ=-1.72039;SCBZ=0;MQ0F=0;AC=1;AN=1;DP4=6,10,2,4;MQ=60;ANN=CTGGCTGTGGCTGTGGCTGTGGCTGTGGCTGTGGCTGTGGCTGTGGCTGTGGCTGTGGCTGTGGCTGTGGCTGT",conservative_inframe_insertion,MODERATE,fha1,gene-PA0081,transcript,TRANSCRIPT_gene-PA0081,protein_coding,1/1,c.788_789insACAGCC,p.Gln263_Gln264insGlnPro,788/1494,788/1494,263/497,,,GT:PL,"1:140,62"
SRR2037128,NC_002516.2,169283,169283,CG,C,Deletion,225.417,"INDEL;IDV=26;IMF=1;DP=26;VDB=0.227681;SGB=-0.692976;MQSBZ=0;BQBZ=-1.7396;MQ0F=0;AC=1;AN=1;DP4=0,0,16,10;MQ=60;ANN=C",intergenic_region,MODIFIER,PA0148-PA0149,gene-PA0148-gene-PA0149,intergenic_region,gene-PA0148-gene-PA0149,,,n.169284delG,,,,,,,GT:PL,"1:255,0"
SRR2037128,NC_002516.2,183697,183697,T,G,SNPS,225.417,"DP=29;VDB=0.0626953;SGB=-0.692831;MQSBZ=0;MQ0F=0;AC=1;AN=1;DP4=0,0,9,15;MQ=60;ANN=G",missense_variant,MODERATE,PA0159,gene-PA0159,transcript,TRANSCRIPT_gene-PA0159,protein_coding,1/1,c.930T>G,p.Cys310Trp,930/939,930/939,310/312,,WARNING_TRANSCRIPT_NO_START_CODON,GT:PL,"1:255,0"
SRR2037128,NC_002516.2,411125,411125,ACCCCC,ACCCC,Deletion,228.353,"INDEL;IDV=31;IMF=0.861111;DP=36;VDB=0.830081;SGB=-0.69311;RPBZ=-3.40938;MQBZ=0;MQSBZ=0;BQBZ=-1.7186;SCBZ=0;MQ0F=0;AC=1;AN=1;DP4=1,3,17,14;MQ=60;ANN=ACCCC",intergenic_region,MODIFIER,PA0366-PA0367,gene-PA0366-gene-PA0367,intergenic_region,gene-PA0366-gene-PA0367,,,n.411130delC,,,,,,,GT:PL,"1:255,0"
SRR2037128,NC_002516.2,413850,413850,T,C,SNPS,225.417,"DP=42;VDB=0.890536;SGB=-0.693139;MQSBZ=0;MQ0F=0;AC=1;AN=1;DP4=0,0,21,15;MQ=60;ANN=C",non_coding_transcript_variant,MODIFIER,gene-PA0369,null.2,transcript,gene-PA0369,pseudogene,,,,,,,,,GT:PL,"1:255,0"
SRR2037128,NC_002516.2,667028,667028,GC,GCC,Insertion,228.404,"INDEL;IDV=22;IMF=0.916667;DP=24;VDB=0.159471;SGB=-0.692562;RPBZ=0;MQBZ=0;MQSBZ=0;BQBZ=-1.89304;SCBZ=0;MQ0F=0;AC=1;AN=1;DP4=1,0,13,9;MQ=60;ANN=GCC",intergenic_region,MODIFIER,PA0604-PA0605,gene-PA0604-gene-PA0605,intergenic_region,gene-PA0604-gene-PA0605,,,n.667029_667030insC,,,,,,,GT:PL,"1:255,0"
SRR2037128,NC_002516.2,721611,721611,C,T,SNPS,228.421,"DP=47;VDB=0.375302;SGB=-0.693145;RPBZ=1.52161;MQBZ=2.11598;MQSBZ=-0.100703;BQBZ=-0.527697;SCBZ=0.372174;MQ0F=0.0425532;AC=1;AN=1;DP4=1,0,21,19;MQ=53;ANN=T",intergenic_region,MODIFIER,tyrZ-PA0668.1,gene-PA0668-gene-PA0668.1,intergenic_region,gene-PA0668-gene-PA0668.1,,,n.721611C>T,,,,,,,GT:PL,"1:255,0"
SRR2037128,NC_002516.2,721622,721622,C,T,SNPS,228.403,"DP=46;VDB=0.45435;SGB=-0.693143;RPBZ=0.651041;MQBZ=1.77795;MQSBZ=-0.546663;BQBZ=1.52669;SCBZ=0.660657;MQ0F=0.0652174;AC=1;AN=1;DP4=3,0,18,20;MQ=50;ANN=T",intergenic_region,MODIFIER,tyrZ-PA0668.1,gene-PA0668-gene-PA0668.1,intergenic_region,gene-PA0668-gene-PA0668.1,,,n.721622C>T,,,,,,,GT:PL,"1:255,0"
SRR2037128,NC_002516.2,721663,721663,T,C,SNPS,228.402,"DP=35;VDB=0.177195;SGB=-0.693054;RPBZ=2.13895;MQBZ=2.86623;MQSBZ=-0.837376;BQBZ=-0.45705;SCBZ=0;MQ0F=0.114286;AC=1;AN=1;DP4=3,0,13,15;MQ=44;ANN=C",intergenic_region,MODIFIER,tyrZ-PA0668.1,gene-PA0668-gene-PA0668.1,intergenic_region,gene-PA0668-gene-PA0668.1,,,n.721663T>C,,,,,,,GT:PL,"1:255,0"
SRR2037128,NC_002516.2,721664,721664,C,T,SNPS,228.406,"DP=35;VDB=0.174731;SGB=-0.693054;RPBZ=2.13831;MQBZ=2.86623;MQSBZ=-0.837376;BQBZ=-0.756566;SCBZ=0;MQ0F=0.114286;AC=1;AN=1;DP4=3,0,13,15;MQ=44;ANN=T",intergenic_region,MODIFIER,tyrZ-PA0668.1,gene-PA0668-gene-PA0668.1,intergenic_region,gene-PA0668-gene-PA0668.1,,,n.721664C>T,,,,,,,GT:PL,"1:255,0"
SRR2037128,NC_002516.2,721667,721667,A,G,SNPS,228.395,"DP=38;VDB=0.349815;SGB=-0.693054;RPBZ=2.45083;MQBZ=3.26284;MQSBZ=-0.519558;BQBZ=-0.807023;SCBZ=0;MQ0F=0.131579;AC=1;AN=1;DP4=4,0,12,16;MQ=42;ANN=G",intergenic_region,MODIFIER,tyrZ-PA0668.1,gene-PA0668-gene-PA0668.1,intergenic_region,gene-PA0668-gene-PA0668.1,,,n.721667A>G,,,,,,,GT:PL,"1:255,0"
SRR2037128,NC_002516.2,721670,721670,A,G,SNPS,228.395,"DP=38;VDB=0.371856;SGB=-0.693054;RPBZ=2.42322;MQBZ=3.26284;MQSBZ=-0.519558;BQBZ=0.367105;SCBZ=0;MQ0F=0.131579;AC=1;AN=1;DP4=4,0,12,16;MQ=42;ANN=G",intergenic_region,MODIFIER,tyrZ-PA0668.1,gene-PA0668-gene-PA0668.1,intergenic_region,gene-PA0668-gene-PA0668.1,,,n.721670A>G,,,,,,,GT:PL,"1:255,0"
SRR2037128,NC_002516.2,721718,721718,A,G,SNPS,228.365,"DP=47;VDB=0.958976;SGB=-0.693139;RPBZ=0.882815;MQBZ=3.74929;MQSBZ=3.14473;BQBZ=0;SCBZ=0.976416;MQ0F=0.319149;AC=1;AN=1;DP4=8,0,13,23;MQ=30;ANN=G",intergenic_region,MODIFIER,tyrZ-PA0668.1,gene-PA0668-gene-PA0668.1,intergenic_region,gene-PA0668-gene-PA0668.1,,,n.721718A>G,,,,,,,GT:PL,"1:255,0"
SRR2037128,NC_002516.2,721725,721725,C,T,SNPS,228.358,"DP=44;VDB=0.89137;SGB=-0.693127;RPBZ=1.59588;MQBZ=3.67851;MQSBZ=3.28097;BQBZ=-0.818892;SCBZ=1.02286;MQ0F=0.340909;AC=1;AN=1;DP4=8,0,12,21;MQ=28;ANN=T",intergenic_region,MODIFIER,tyrZ-PA0668.1,gene-PA0668-gene-PA0668.1,intergenic_region,gene-PA0668-gene-PA0668.1,,,n.721725C>T,,,,,,,GT:PL,"1:255,0"
SRR2037128,NC_002516.2,721740,721740,C,T,SNPS,225.337,"DP=41;VDB=0.706608;SGB=-0.693079;RPBZ=1.2193;MQBZ=3.71796;MQSBZ=4.66865;BQBZ=0.0974688;SCBZ=0.991342;MQ0F=0.390244;AC=1;AN=1;DP4=9,0,9,20;MQ=25;ANN=T",intergenic_region,MODIFIER,tyrZ-PA0668.1,gene-PA0668-gene-PA0668.1,intergenic_region,gene-PA0668-gene-PA0668.1,,,n.721740C>T,,,,,,,GT:PL,"1:252,0"
SRR2037128,NC_002516.2,740419,740419,G,GC,Insertion,225.417,"INDEL;IDV=21;IMF=1;DP=21;VDB=0.328965;SGB=-0.692352;MQSBZ=0;BQBZ=-1.79111;MQ0F=0;AC=1;AN=1;DP4=0,0,8,13;MQ=60;ANN=GC",frameshift_variant,HIGH,PA0683,gene-PA0683,transcript,TRANSCRIPT_gene-PA0683,protein_coding,1/1,c.217_218insC,p.Val73fs,218/1146,218/1146,73/381,,;LOF=(PA0683|gene-PA0683|1|1.00),GT:PL,"1:255,0"
SRR2037128,NC_002516.2,789505,789505,G,A,SNPS,12.2398,"DP=167;VDB=0.47861;SGB=-0.693147;RPBZ=0.945937;MQBZ=0;MQSBZ=0;BQBZ=-0.00541321;SCBZ=0.868351;MQ0F=0;AC=1;AN=1;DP4=15,13,59,54;MQ=59;ANN=A",missense_variant,MODERATE,PA0718,gene-PA0718,transcript,TRANSCRIPT_gene-PA0718,protein_coding,1/1,c.146G>A,p.Gly49Asp,146/291,146/291,49/96,,,GT:PL,"1:255,216"
SRR2037128,NC_002516.2,789833,789833,G,T,SNPS,16.0436,"DP=153;VDB=0.136672;SGB=-0.693147;RPBZ=1.63245;MQBZ=0;MQSBZ=0;BQBZ=0.193907;SCBZ=0.90689;MQ0F=0;AC=1;AN=1;DP4=12,18,64,47;MQ=60;ANN=T",synonymous_variant,LOW,PA0719,gene-PA0719,transcript,TRANSCRIPT_gene-PA0719,protein_coding,1/1,c.180G>T,p.Leu60Leu,180/378,180/378,60/125,,,GT:PL,"1:255,212"
SRR2037128,NC_002516.2,789944,789944,TCCCC,TCCC,Deletion,91.8674,"INDEL;IDV=109;IMF=0.762238;DP=143;VDB=0.805337;SGB=-0.693147;RPBZ=-1.84727;MQBZ=0;MQSBZ=0;BQBZ=-1.8997;SCBZ=0.79262;MQ0F=0;AC=1;AN=1;DP4=12,17,58,50;MQ=60;ANN=TCCC",frameshift_variant,HIGH,PA0719,gene-PA0719,transcript,TRANSCRIPT_gene-PA0719,protein_coding,1/1,c.295delC,p.Gly100fs,295/378,295/378,99/125,,;LOF=(PA0719|gene-PA0719|1|1.00),GT:PL,"1:140,21"
SRR2037128,NC_002516.2,789960,789960,A,C,SNPS,25.9794,"DP=152;VDB=0.976416;SGB=-0.693147;RPBZ=-0.693192;MQBZ=0;MQSBZ=0;BQBZ=0.586;SCBZ=0.70974;MQ0F=0;AC=1;AN=1;DP4=13,14,64,44;MQ=60;ANN=C",synonymous_variant,LOW,PA0719,gene-PA0719,transcript,TRANSCRIPT_gene-PA0719,protein_coding,1/1,c.307A>C,p.Arg103Arg,307/378,307/378,103/125,,,GT:PL,"1:255,202"
SRR2037128,NC_002516.2,790219,790219,C,T,SNPS,22.9811,"DP=183;VDB=0.568455;SGB=-0.693147;RPBZ=0.924247;MQBZ=0;MQSBZ=0;BQBZ=0.664667;SCBZ=0;MQ0F=0;AC=1;AN=1;DP4=19,14,59,65;MQ=60;ANN=T",synonymous_variant,LOW,PA0720,gene-PA0720,transcript,TRANSCRIPT_gene-PA0720,protein_coding,1/1,c.54C>T,p.Thr18Thr,54/435,54/435,18/144,,,GT:PL,"1:255,205"
SRR2037128,NC_002516.2,790228,790228,T,C,SNPS,61.0053,"DP=188;VDB=0.972931;SGB=-0.693147;RPBZ=0.318446;MQBZ=-0.509748;MQSBZ=-0.975305;BQBZ=2.53247;SCBZ=0;MQ0F=0;AC=1;AN=1;DP4=19,14,59,68;MQ=59;ANN=C",synonymous_variant,LOW,PA0720,gene-PA0720,transcript,TRANSCRIPT_gene-PA0720,protein_coding,1/1,c.63T>C,p.Tyr21Tyr,63/435,63/435,21/144,,,GT:PL,"1:255,167"
SRR2037128,NC_002516.2,790267,790267,A,G,SNPS,17.0591,"DP=189;VDB=0.998583;SGB=-0.693147;RPBZ=-0.297221;MQBZ=0;MQSBZ=0;BQBZ=3.05933;SCBZ=0.52915;MQ0F=0;AC=1;AN=1;DP4=18,17,49,76;MQ=60;ANN=G",synonymous_variant,LOW,PA0720,gene-PA0720,transcript,TRANSCRIPT_gene-PA0720,protein_coding,1/1,c.102A>G,p.Gln34Gln,102/435,102/435,34/144,,,GT:PL,"1:255,211"
SRR2037128,NC_002516.2,790408,790408,T,C,SNPS,22.0133,"DP=176;VDB=0.025701;SGB=-0.693147;RPBZ=-0.597717;MQBZ=0;MQSBZ=0;BQBZ=1.08158;SCBZ=-1.08171;MQ0F=0;AC=1;AN=1;DP4=10,20,60,64;MQ=60;ANN=C",synonymous_variant,LOW,PA0720,gene-PA0720,transcript,TRANSCRIPT_gene-PA0720,protein_coding,1/1,c.243T>C,p.Arg81Arg,243/435,243/435,81/144,,,GT:PL,"1:255,206"
SRR2037128,NC_002516.2,790429,790429,C,T,SNPS,30.0258,"DP=174;VDB=0.125296;SGB=-0.693147;RPBZ=0.134074;MQBZ=0;MQSBZ=0;BQBZ=-1.2035;SCBZ=-1.23702;MQ0F=0;AC=1;AN=1;DP4=10,16,62,62;MQ=60;ANN=T",synonymous_variant,LOW,PA0720,gene-PA0720,transcript,TRANSCRIPT_gene-PA0720,protein_coding,1/1,c.264C>T,p.Gly88Gly,264/435,264/435,88/144,,,GT:PL,"1:255,198"
SRR2037128,NC_002516.2,790447,790447,G,A,SNPS,30.9918,"DP=157;VDB=0.025776;SGB=-0.693147;RPBZ=0.308844;MQBZ=0;MQSBZ=0;BQBZ=1.11119;SCBZ=0.136101;MQ0F=0;AC=1;AN=1;DP4=11,16,63,49;MQ=60;ANN=A",synonymous_variant,LOW,PA0720,gene-PA0720,transcript,TRANSCRIPT_gene-PA0720,protein_coding,1/1,c.282G>A,p.Gln94Gln,282/435,282/435,94/144,,,GT:PL,"1:255,197"
SRR2037128,NC_002516.2,790453,790453,A,T,SNPS,56.0232,"DP=162;VDB=0.544828;SGB=-0.693147;RPBZ=-0.358599;MQBZ=0;MQSBZ=0;BQBZ=0.406204;SCBZ=0.0602786;MQ0F=0;AC=1;AN=1;DP4=11,15,62,55;MQ=60;ANN=T",synonymous_variant,LOW,PA0720,gene-PA0720,transcript,TRANSCRIPT_gene-PA0720,protein_coding,1/1,c.288A>T,p.Leu96Leu,288/435,288/435,96/144,,,GT:PL,"1:255,172"
SRR2037128,NC_002516.2,790477,790477,C,T,SNPS,23.0231,"DP=168;VDB=0.973883;SGB=-0.693147;RPBZ=-0.874211;MQBZ=0;MQSBZ=0;BQBZ=0.970653;SCBZ=1.91741;MQ0F=0;AC=1;AN=1;DP4=12,16,61,56;MQ=60;ANN=T",synonymous_variant,LOW,PA0720,gene-PA0720,transcript,TRANSCRIPT_gene-PA0720,protein_coding,1/1,c.312C>T,p.Gly104Gly,312/435,312/435,104/144,,,GT:PL,"1:255,205"
SRR2037128,NC_002516.2,790485,790485,T,C,SNPS,7.77788,"DP=162;VDB=0.928569;SGB=-0.693147;RPBZ=-0.995519;MQBZ=0;MQSBZ=0;BQBZ=1.44757;SCBZ=1.73676;MQ0F=0;AC=1;AN=1;DP4=12,16,60,50;MQ=60;ANN=C",missense_variant,MODERATE,PA0720,gene-PA0720,transcript,TRANSCRIPT_gene-PA0720,protein_coding,1/1,c.320T>C,p.Met107Thr,320/435,320/435,107/144,,,GT:PL,"1:255,221"
SRR2037128,NC_002516.2,790486,790486,G,C,SNPS,20.0479,"DP=162;VDB=0.973256;SGB=-0.693147;RPBZ=-1.49234;MQBZ=0;MQSBZ=0;BQBZ=1.02005;SCBZ=1.69777;MQ0F=0;AC=1;AN=1;DP4=12,15,60,51;MQ=60;ANN=C",missense_variant,MODERATE,PA0720,gene-PA0720,transcript,TRANSCRIPT_gene-PA0720,protein_coding,1/1,c.321G>C,p.Met107Ile,321/435,321/435,107/144,,,GT:PL,"1:255,208"
SRR2037128,NC_002516.2,790521,790521,T,C,SNPS,100.08,"DP=137;VDB=0.974015;SGB=-0.693147;RPBZ=-0.362206;MQBZ=0;MQSBZ=0;BQBZ=1.45141;SCBZ=0.769252;MQ0F=0;AC=1;AN=1;DP4=5,14,50,48;MQ=60;ANN=C",missense_variant,MODERATE,PA0720,gene-PA0720,transcript,TRANSCRIPT_gene-PA0720,protein_coding,1/1,c.356T>C,p.Val119Ala,356/435,356/435,119/144,,,GT:PL,"1:255,128"
SRR2037128,NC_002516.2,790522,790522,G,A,SNPS,72.0585,"DP=137;VDB=0.976498;SGB=-0.693147;RPBZ=-0.484993;MQBZ=0;MQSBZ=0;BQBZ=0.269637;SCBZ=0.773265;MQ0F=0;AC=1;AN=1;DP4=5,14,49,48;MQ=60;ANN=A",synonymous_variant,LOW,PA0720,gene-PA0720,transcript,TRANSCRIPT_gene-PA0720,protein_coding,1/1,c.357G>A,p.Val119Val,357/435,357/435,119/144,,,GT:PL,"1:255,156"
SRR2037128,NC_002516.2,790580,790580,A,T,SNPS,93.0026,"DP=133;VDB=0.142609;SGB=-0.693147;RPBZ=-0.719191;MQBZ=0;MQSBZ=0;BQBZ=2.36476;SCBZ=1.03498;MQ0F=0;AC=1;AN=1;DP4=5,19,45,47;MQ=60;ANN=T",missense_variant,MODERATE,PA0720,gene-PA0720,transcript,TRANSCRIPT_gene-PA0720,protein_coding,1/1,c.415A>T,p.Thr139Ser,415/435,415/435,139/144,,,GT:PL,"1:255,135"
SRR2037128,NC_002516.2,790597,790597,G,C,SNPS,98.0113,"DP=148;VDB=0.655292;SGB=-0.693147;RPBZ=-0.657645;MQBZ=0;MQSBZ=0;BQBZ=2.64736;SCBZ=1.01667;MQ0F=0;AC=1;AN=1;DP4=6,20,46,57;MQ=60;ANN=C",synonymous_variant,LOW,PA0720,gene-PA0720,transcript,TRANSCRIPT_gene-PA0720,protein_coding,1/1,c.432G>C,p.Ala144Ala,432/435,432/435,144/144,,,GT:PL,"1:255,130"
SRR2037128,NC_002516.2,790604,790604,C,G,SNPS,104.023,"DP=143;VDB=0.302859;SGB=-0.693147;RPBZ=-0.899399;MQBZ=0;MQSBZ=0;BQBZ=2.80068;SCBZ=1.0071;MQ0F=0;AC=1;AN=1;DP4=6,19,45,56;MQ=60;ANN=G",intergenic_region,MODIFIER,PA0720-PA0721,gene-PA0720-gene-PA0721,intergenic_region,gene-PA0720-gene-PA0721,,,n.790604C>G,,,,,,,GT:PL,"1:255,124"
SRR2037128,NC_002516.2,790640,790640,C,T,SNPS,155.088,"DP=145;VDB=0.805913;SGB=-0.693147;RPBZ=-1.14186;MQBZ=0;MQSBZ=0;BQBZ=0.173505;SCBZ=0.758398;MQ0F=0;AC=1;AN=1;DP4=4,16,44,62;MQ=60;ANN=T",synonymous_variant,LOW,PA0721,gene-PA0721,transcript,TRANSCRIPT_gene-PA0721,protein_coding,1/1,c.24C>T,p.Phe8Phe,24/93,24/93,8/30,,,GT:PL,"1:255,73"
SRR2037128,NC_002516.2,790701,790701,G,A,SNPS,176.166,"DP=137;VDB=0.945376;SGB=-0.693147;RPBZ=0.490823;MQBZ=0;MQSBZ=0;BQBZ=-0.558061;SCBZ=0;MQ0F=0;AC=1;AN=1;DP4=7,7,49,56;MQ=60;ANN=A",missense_variant,MODERATE,PA0721,gene-PA0721,transcript,TRANSCRIPT_gene-PA0721,protein_coding,1/1,c.85G>A,p.Ala29Thr,85/93,85/93,29/30,,,GT:PL,"1:255,52"
SRR2037128,NC_002516.2,790718,790718,C,T,SNPS,181.183,"DP=132;VDB=0.693178;SGB=-0.693147;RPBZ=-0.202295;MQBZ=0;MQSBZ=0;BQBZ=-0.502037;SCBZ=0.34641;MQ0F=0;AC=1;AN=1;DP4=7,5,44,56;MQ=60;ANN=T",intergenic_region,MODIFIER,PA0721-PA0722,gene-PA0721-gene-PA0722,intergenic_region,gene-PA0721-gene-PA0722,,,n.790718C>T,,,,,,,GT:PL,"1:255,47"
SRR2037128,NC_002516.2,791759,791759,T,G,SNPS,128.108,"DP=179;VDB=0.324713;SGB=-0.693147;RPBZ=0.671036;MQBZ=0;MQSBZ=0;BQBZ=2.30013;SCBZ=-0.870896;MQ0F=0;AC=1;AN=1;DP4=11,13,64,70;MQ=60;ANN=G",synonymous_variant,LOW,PA0724,gene-PA0724,transcript,TRANSCRIPT_gene-PA0724,protein_coding,1/1,c.390T>G,p.Ser130Ser,390/1263,390/1263,130/420,,WARNING_TRANSCRIPT_NO_START_CODON,GT:PL,"1:255,100"
SRR2037128,NC_002516.2,791868,791868,C,T,SNPS,93.0769,"DP=161;VDB=0.613219;SGB=-0.693147;RPBZ=-0.151795;MQBZ=0;MQSBZ=0;BQBZ=-1.06663;SCBZ=0.35101;MQ0F=0;AC=1;AN=1;DP4=9,12,57,57;MQ=60;ANN=T",synonymous_variant,LOW,PA0724,gene-PA0724,transcript,TRANSCRIPT_gene-PA0724,protein_coding,1/1,c.499C>T,p.Leu167Leu,499/1263,499/1263,167/420,,WARNING_TRANSCRIPT_NO_START_CODON,GT:PL,"1:255,135"
SRR2037128,NC_002516.2,791924,791924,A,C,SNPS,23.008,"DP=124;VDB=0.116428;SGB=-0.693147;RPBZ=-0.714329;MQBZ=0;MQSBZ=0;BQBZ=0.426641;SCBZ=0.698048;MQ0F=0;AC=1;AN=1;DP4=10,11,45,42;MQ=60;ANN=C",synonymous_variant,LOW,PA0724,gene-PA0724,transcript,TRANSCRIPT_gene-PA0724,protein_coding,1/1,c.555A>C,p.Gly185Gly,555/1263,555/1263,185/420,,WARNING_TRANSCRIPT_NO_START_CODON,GT:PL,"1:255,205"
SRR2037128,NC_002516.2,791927,791927,G,A,SNPS,17.0679,"DP=121;VDB=0.0710824;SGB=-0.693147;RPBZ=-0.864176;MQBZ=0;MQSBZ=0;BQBZ=0.120557;SCBZ=0.706274;MQ0F=0;AC=1;AN=1;DP4=10,11,44,41;MQ=60;ANN=A",synonymous_variant,LOW,PA0724,gene-PA0724,transcript,TRANSCRIPT_gene-PA0724,protein_coding,1/1,c.558G>A,p.Gln186Gln,558/1263,558/1263,186/420,,WARNING_TRANSCRIPT_NO_START_CODON,GT:PL,"1:255,211"
SRR2037128,NC_002516.2,791929,791929,A,G,SNPS,43.0304,"DP=120;VDB=0.0723847;SGB=-0.693147;RPBZ=-0.199809;MQBZ=0;MQSBZ=0;BQBZ=-0.232609;SCBZ=0.667914;MQ0F=0;AC=1;AN=1;DP4=9,10,45,41;MQ=60;ANN=G",missense_variant,MODERATE,PA0724,gene-PA0724,transcript,TRANSCRIPT_gene-PA0724,protein_coding,1/1,c.560A>G,p.Asn187Ser,560/1263,560/1263,187/420,,WARNING_TRANSCRIPT_NO_START_CODON,GT:PL,"1:255,185"
SRR2037128,NC_002516.2,791930,791930,T,C,SNPS,44.023,"DP=121;VDB=0.114409;SGB=-0.693147;RPBZ=-0.601692;MQBZ=0;MQSBZ=0;BQBZ=2.12622;SCBZ=0.685234;MQ0F=0;AC=1;AN=1;DP4=10,10,45,41;MQ=60;ANN=C",synonymous_variant,LOW,PA0724,gene-PA0724,transcript,TRANSCRIPT_gene-PA0724,protein_coding,1/1,c.561T>C,p.Asn187Asn,561/1263,561/1263,187/420,,WARNING_TRANSCRIPT_NO_START_CODON,GT:PL,"1:255,184"
SRR2037128,NC_002516.2,791942,791942,T,C,SNPS,76.0699,"DP=135;VDB=0.774007;SGB=-0.693147;RPBZ=-1.15282;MQBZ=0;MQSBZ=0;BQBZ=0.778781;SCBZ=1.10797;MQ0F=0;AC=1;AN=1;DP4=9,10,51,46;MQ=60;ANN=C",synonymous_variant,LOW,PA0724,gene-PA0724,transcript,TRANSCRIPT_gene-PA0724,protein_coding,1/1,c.573T>C,p.Asp191Asp,573/1263,573/1263,191/420,,WARNING_TRANSCRIPT_NO_START_CODON,GT:PL,"1:255,152"
SRR2037128,NC_002516.2,792114,792114,A,G,SNPS,14.1649,"DP=184;VDB=0.978135;SGB=-0.693147;RPBZ=-0.685723;MQBZ=0;MQSBZ=0;BQBZ=0.979555;SCBZ=0.993196;MQ0F=0;AC=1;AN=1;DP4=20,9,63,57;MQ=60;ANN=G",missense_variant,MODERATE,PA0724,gene-PA0724,transcript,TRANSCRIPT_gene-PA0724,protein_coding,1/1,c.745A>G,p.Ser249Gly,745/1263,745/1263,249/420,,WARNING_TRANSCRIPT_NO_START_CODON,GT:PL,"1:255,214"
SRR2037128,NC_002516.2,792152,792152,T,C,SNPS,38.0233,"DP=172;VDB=0.0808866;SGB=-0.693147;RPBZ=0.293162;MQBZ=0;MQSBZ=0;BQBZ=-0.166463;SCBZ=1.03494;MQ0F=0;AC=1;AN=1;DP4=16,9,57,63;MQ=60;ANN=C",synonymous_variant,LOW,PA0724,gene-PA0724,transcript,TRANSCRIPT_gene-PA0724,protein_coding,1/1,c.783T>C,p.Asn261Asn,783/1263,783/1263,261/420,,WARNING_TRANSCRIPT_NO_START_CODON,GT:PL,"1:255,190"
SRR2037128,NC_002516.2,792185,792185,TGGCGGCG,TGGCG,Deletion,64.8947,"INDEL;IDV=116;IMF=0.720497;DP=161;VDB=0.00384331;SGB=-0.693147;RPBZ=-2.71459;MQBZ=0;MQSBZ=0;BQBZ=-1.85604;SCBZ=-0.67028;MQ0F=0;AC=1;AN=1;DP4=28,11,58,57;MQ=60;ANN=TGGCG",disruptive_inframe_deletion,MODERATE,PA0724,gene-PA0724,transcript,TRANSCRIPT_gene-PA0724,protein_coding,1/1,c.821_823delGCG,p.Gly274del,821/1263,821/1263,274/420,,WARNING_TRANSCRIPT_NO_START_CODON,GT:PL,"1:255,163"
SRR2037128,NC_002516.2,792834,792834,C,T,SNPS,82.0486,"DP=188;VDB=0.236709;SGB=-0.693147;RPBZ=-0.145213;MQBZ=0;MQSBZ=0;BQBZ=0.120182;SCBZ=0.646058;MQ0F=0;AC=1;AN=1;DP4=12,16,72,63;MQ=60;ANN=T",synonymous_variant,LOW,PA0725,gene-PA0725,transcript,TRANSCRIPT_gene-PA0725,protein_coding,1/1,c.198C>T,p.Ser66Ser,198/357,198/357,66/118,,,GT:PL,"1:255,146"
SRR2037128,NC_002516.2,792882,792882,T,G,SNPS,11.3484,"DP=195;VDB=0.936031;SGB=-0.693147;RPBZ=0.895761;MQBZ=-0.466953;MQSBZ=0.940064;BQBZ=-0.564587;SCBZ=-0.682856;MQ0F=0;AC=1;AN=1;DP4=14,15,72,61;MQ=59;ANN=G",synonymous_variant,LOW,PA0725,gene-PA0725,transcript,TRANSCRIPT_gene-PA0725,protein_coding,1/1,c.246T>G,p.Gly82Gly,246/357,246/357,82/118,,,GT:PL,"1:255,217"
SRR2037128,NC_002516.2,793143,793143,T,C,SNPS,49.043,"DP=188;VDB=0.864499;SGB=-0.693147;RPBZ=-2.42406;MQBZ=0;MQSBZ=0;BQBZ=1.5267;SCBZ=-2.163;MQ0F=0;AC=1;AN=1;DP4=14,14,63,68;MQ=60;ANN=C",synonymous_variant,LOW,PA0726,gene-PA0726,transcript,TRANSCRIPT_gene-PA0726,protein_coding,1/1,c.147T>C,p.Phe49Phe,147/1275,147/1275,49/424,,WARNING_TRANSCRIPT_NO_START_CODON,GT:PL,"1:255,179"
SRR2037128,NC_002516.2,793242,793242,T,G,SNPS,128.109,"DP=183;VDB=0.321799;SGB=-0.693147;RPBZ=0.373839;MQBZ=0;MQSBZ=0;BQBZ=-0.61974;SCBZ=0;MQ0F=0;AC=1;AN=1;DP4=12,9,54,78;MQ=60;ANN=G",synonymous_variant,LOW,PA0726,gene-PA0726,transcript,TRANSCRIPT_gene-PA0726,protein_coding,1/1,c.246T>G,p.Gly82Gly,246/1275,246/1275,82/424,,WARNING_TRANSCRIPT_NO_START_CODON,GT:PL,"1:255,100"
SRR2037128,NC_002516.2,793284,793284,A,G,SNPS,50.049,"DP=186;VDB=0.12875;SGB=-0.693147;RPBZ=1.86076;MQBZ=0;MQSBZ=0;BQBZ=-0.54423;SCBZ=0;MQ0F=0;AC=1;AN=1;DP4=13,13,57,78;MQ=60;ANN=G",synonymous_variant,LOW,PA0726,gene-PA0726,transcript,TRANSCRIPT_gene-PA0726,protein_coding,1/1,c.288A>G,p.Lys96Lys,288/1275,288/1275,96/424,,WARNING_TRANSCRIPT_NO_START_CODON,GT:PL,"1:255,178"
SRR2037128,NC_002516.2,793757,793757,C,G,SNPS,27.0101,"DP=126;VDB=0.497132;SGB=-0.693147;RPBZ=0.550048;MQBZ=0;MQSBZ=0;BQBZ=1.16266;SCBZ=0.678674;MQ0F=0;AC=1;AN=1;DP4=10,11,42,50;MQ=60;ANN=G",missense_variant,MODERATE,PA0726,gene-PA0726,transcript,TRANSCRIPT_gene-PA0726,protein_coding,1/1,c.761C>G,p.Ala254Gly,761/1275,761/1275,254/424,,WARNING_TRANSCRIPT_NO_START_CODON,GT:PL,"1:255,201"
SRR2037128,NC_002516.2,793837,793837,A,G,SNPS,12.2096,"DP=126;VDB=0.641154;SGB=-0.693147;RPBZ=0.308584;MQBZ=0;MQSBZ=0;BQBZ=1.27443;SCBZ=0.748618;MQ0F=0;AC=1;AN=1;DP4=10,15,48,42;MQ=60;ANN=G",missense_variant,MODERATE,PA0726,gene-PA0726,transcript,TRANSCRIPT_gene-PA0726,protein_coding,1/1,c.841A>G,p.Thr281Ala,841/1275,841/1275,281/424,,WARNING_TRANSCRIPT_NO_START_CODON,GT:PL,"1:255,216"
SRR2037128,NC_002516.2,794178,794178,T,C,SNPS,13.2308,"DP=149;VDB=0.935663;SGB=-0.693147;RPBZ=-1.12602;MQBZ=0;MQSBZ=0;BQBZ=-0.119731;SCBZ=0.453743;MQ0F=0;AC=1;AN=1;DP4=13,8,44,58;MQ=60;ANN=C",synonymous_variant,LOW,PA0726,gene-PA0726,transcript,TRANSCRIPT_gene-PA0726,protein_coding,1/1,c.1182T>C,p.Val394Val,1182/1275,1182/1275,394/424,,WARNING_TRANSCRIPT_NO_START_CODON,GT:PL,"1:255,215"
SRR2037128,NC_002516.2,794184,794184,C,G,SNPS,5.4544,"DP=150;VDB=0.887233;SGB=-0.693147;RPBZ=0.246347;MQBZ=0;MQSBZ=0;BQBZ=-0.529466;SCBZ=0.472547;MQ0F=0;AC=1;AN=1;DP4=14,9,43,60;MQ=60;ANN=G",synonymous_variant,LOW,PA0726,gene-PA0726,transcript,TRANSCRIPT_gene-PA0726,protein_coding,1/1,c.1188C>G,p.Ala396Ala,1188/1275,1188/1275,396/424,,WARNING_TRANSCRIPT_NO_START_CODON,GT:PL,"1:255,224"
SRR2037128,NC_002516.2,794195,794195,C,T,SNPS,31.0326,"DP=152;VDB=0.67669;SGB=-0.693147;RPBZ=-0.183188;MQBZ=0;MQSBZ=0;BQBZ=-0.344422;SCBZ=0.64683;MQ0F=0;AC=1;AN=1;DP4=12,10,44,62;MQ=60;ANN=T",missense_variant,MODERATE,PA0726,gene-PA0726,transcript,TRANSCRIPT_gene-PA0726,protein_coding,1/1,c.1199C>T,p.Ala400Val,1199/1275,1199/1275,400/424,,WARNING_TRANSCRIPT_NO_START_CODON,GT:PL,"1:255,197"
SRR2037128,NC_002516.2,794208,794208,G,T,SNPS,22.0399,"DP=146;VDB=0.0252909;SGB=-0.693147;RPBZ=0.35654;MQBZ=0;MQSBZ=0;BQBZ=-0.491632;SCBZ=0.659476;MQ0F=0;AC=1;AN=1;DP4=13,9,40,62;MQ=60;ANN=T",synonymous_variant,LOW,PA0726,gene-PA0726,transcript,TRANSCRIPT_gene-PA0726,protein_coding,1/1,c.1212G>T,p.Gly404Gly,1212/1275,1212/1275,404/424,,WARNING_TRANSCRIPT_NO_START_CODON,GT:PL,"1:255,206"
SRR2037128,NC_002516.2,794265,794265,G,C,SNPS,46.0354,"DP=157;VDB=0.41717;SGB=-0.693147;RPBZ=-1.11461;MQBZ=0;MQSBZ=0;BQBZ=-0.742124;SCBZ=1.46858;MQ0F=0;AC=1;AN=1;DP4=14,9,46,68;MQ=60;ANN=C",missense_variant,MODERATE,PA0726,gene-PA0726,transcript,TRANSCRIPT_gene-PA0726,protein_coding,1/1,c.1269G>C,p.Gln423His,1269/1275,1269/1275,423/424,,WARNING_TRANSCRIPT_NO_START_CODON,GT:PL,"1:255,182"
SRR2037128,NC_002516.2,794290,794290,C,T,SNPS,73.0502,"DP=156;VDB=0.795191;SGB=-0.693147;RPBZ=-1.55134;MQBZ=0;MQSBZ=0;BQBZ=-0.507277;SCBZ=1.61335;MQ0F=0;AC=1;AN=1;DP4=12,11,47,68;MQ=60;ANN=T",intergenic_region,MODIFIER,PA0726-PA0727,gene-PA0726-gene-PA0727,intergenic_region,gene-PA0726-gene-PA0727,,,n.794290C>T,,,,,,,GT:PL,"1:255,155"
SRR2037128,NC_002516.2,794291,794291,C,T,SNPS,77.0546,"DP=156;VDB=0.779281;SGB=-0.693147;RPBZ=-1.53709;MQBZ=0;MQSBZ=0;BQBZ=0.044263;SCBZ=1.61335;MQ0F=0;AC=1;AN=1;DP4=12,11,47,68;MQ=60;ANN=T",intergenic_region,MODIFIER,PA0726-PA0727,gene-PA0726-gene-PA0727,intergenic_region,gene-PA0726-gene-PA0727,,,n.794291C>T,,,,,,,GT:PL,"1:255,151"
SRR2037128,NC_002516.2,794328,794328,A,T,SNPS,109.101,"DP=139;VDB=0.302436;SGB=-0.693147;RPBZ=-1.63183;MQBZ=0;MQSBZ=0;BQBZ=-0.186853;SCBZ=2.30362;MQ0F=0;AC=1;AN=1;DP4=8,10,44,60;MQ=60;ANN=T",intergenic_region,MODIFIER,PA0726-PA0727,gene-PA0726-gene-PA0727,intergenic_region,gene-PA0726-gene-PA0727,,,n.794328A>T,,,,,,,GT:PL,"1:255,119"
SRR2037128,NC_002516.2,794770,794770,C,T,SNPS,6.11174,"DP=150;VDB=0.803647;SGB=-0.693147;RPBZ=-0.933629;MQBZ=0;MQSBZ=0;BQBZ=0.513958;SCBZ=2.31787;MQ0F=0;AC=1;AN=1;DP4=22,10,59,46;MQ=60;ANN=T",synonymous_variant,LOW,PA0727,gene-PA0727,transcript,TRANSCRIPT_gene-PA0727,protein_coding,1/1,c.270C>T,p.Ser90Ser,270/1293,270/1293,90/430,,,GT:PL,"1:255,223"
SRR2037128,NC_002516.2,794797,794797,T,C,SNPS,31.9633,"DP=151;VDB=0.653303;SGB=-0.693147;RPBZ=-1.28927;MQBZ=0;MQSBZ=0;BQBZ=0.646531;SCBZ=1.96067;MQ0F=0;AC=1;AN=1;DP4=18,10,62,47;MQ=60;ANN=C",synonymous_variant,LOW,PA0727,gene-PA0727,transcript,TRANSCRIPT_gene-PA0727,protein_coding,1/1,c.297T>C,p.Ala99Ala,297/1293,297/1293,99/430,,,GT:PL,"1:255,196"
SRR2037128,NC_002516.2,794806,794806,T,C,SNPS,47.9701,"DP=148;VDB=0.256772;SGB=-0.693147;RPBZ=-1.74166;MQBZ=0;MQSBZ=0;BQBZ=-0.509484;SCBZ=1.76123;MQ0F=0;AC=1;AN=1;DP4=18,8,62,46;MQ=60;ANN=C",synonymous_variant,LOW,PA0727,gene-PA0727,transcript,TRANSCRIPT_gene-PA0727,protein_coding,1/1,c.306T>C,p.Gly102Gly,306/1293,306/1293,102/430,,,GT:PL,"1:255,180"
SRR2037128,NC_002516.2,794818,794818,A,G,SNPS,38.9448,"DP=161;VDB=0.190535;SGB=-0.693147;RPBZ=-1.6191;MQBZ=0;MQSBZ=0;BQBZ=0.644745;SCBZ=1.6886;MQ0F=0;AC=1;AN=1;DP4=22,8,65,48;MQ=60;ANN=G",synonymous_variant,LOW,PA0727,gene-PA0727,transcript,TRANSCRIPT_gene-PA0727,protein_coding,1/1,c.318A>G,p.Leu106Leu,318/1293,318/1293,106/430,,,GT:PL,"1:255,189"
SRR2037128,NC_002516.2,794827,794827,T,C,SNPS,61.9913,"DP=156;VDB=0.0942697;SGB=-0.693147;RPBZ=-0.710094;MQBZ=0;MQSBZ=0;BQBZ=0.836867;SCBZ=1.58593;MQ0F=0;AC=1;AN=1;DP4=20,7,66,48;MQ=60;ANN=C",synonymous_variant,LOW,PA0727,gene-PA0727,transcript,TRANSCRIPT_gene-PA0727,protein_coding,1/1,c.327T>C,p.Asn109Asn,327/1293,327/1293,109/430,,,GT:PL,"1:255,166"
SRR2037128,NC_002516.2,794875,794875,A,G,SNPS,55.9921,"DP=170;VDB=0.0829599;SGB=-0.693147;RPBZ=-0.379438;MQBZ=0;MQSBZ=0;BQBZ=-0.32348;SCBZ=2.75572;MQ0F=0;AC=1;AN=1;DP4=17,12,65,59;MQ=60;ANN=G",synonymous_variant,LOW,PA0727,gene-PA0727,transcript,TRANSCRIPT_gene-PA0727,protein_coding,1/1,c.375A>G,p.Val125Val,375/1293,375/1293,125/430,,,GT:PL,"1:255,172"
SRR2037128,NC_002516.2,794881,794881,T,C,SNPS,49.9993,"DP=173;VDB=0.118667;SGB=-0.693147;RPBZ=0.366534;MQBZ=0;MQSBZ=0;BQBZ=-0.0173321;SCBZ=2.81061;MQ0F=0;AC=1;AN=1;DP4=17,13,67,59;MQ=60;ANN=C",synonymous_variant,LOW,PA0727,gene-PA0727,transcript,TRANSCRIPT_gene-PA0727,protein_coding,1/1,c.381T>C,p.Pro127Pro,381/1293,381/1293,127/430,,,GT:PL,"1:255,178"
SRR2037128,NC_002516.2,794932,794932,T,C,SNPS,28.9794,"DP=166;VDB=0.357924;SGB=-0.693147;RPBZ=1.09649;MQBZ=0;MQSBZ=0;BQBZ=2.29519;SCBZ=3.79746;MQ0F=0;AC=1;AN=1;DP4=13,18,54,57;MQ=60;ANN=C",synonymous_variant,LOW,PA0727,gene-PA0727,transcript,TRANSCRIPT_gene-PA0727,protein_coding,1/1,c.432T>C,p.Asp144Asp,432/1293,432/1293,144/430,,,GT:PL,"1:255,199"
SRR2037128,NC_002516.2,816529,816529,GCCC,GCCCC,Insertion,225.417,"INDEL;IDV=30;IMF=1;DP=30;VDB=0.700914;SGB=-0.693097;MQSBZ=0;BQBZ=-1.83812;MQ0F=0;AC=1;AN=1;DP4=0,0,15,15;MQ=60;ANN=GCCCC",non_coding_transcript_variant,MODIFIER,gene-PA0748,null.3,transcript,gene-PA0748,pseudogene,,,,,,,,,GT:PL,"1:255,0"
SRR2037128,NC_002516.2,891099,891099,AC,ACC,Insertion,228.419,"INDEL;IDV=33;IMF=0.970588;DP=34;VDB=0.00755906;SGB=-0.693127;RPBZ=1.68325;MQBZ=0;MQSBZ=0;BQBZ=-1.77487;SCBZ=0;MQ0F=0;AC=1;AN=1;DP4=0,1,13,20;MQ=60;ANN=ACC",intergenic_region,MODIFIER,PA0812-PA0813,gene-PA0812-gene-PA0813,intergenic_region,gene-PA0812-gene-PA0813,,,n.891100_891101insC,,,,,,,GT:PL,"1:255,0"
SRR2037128,NC_002516.2,1116213,1116213,G,GC,Insertion,225.417,"INDEL;IDV=45;IMF=0.978261;DP=46;VDB=0.69172;SGB=-0.693147;RPBZ=1.69553;MQBZ=0;MQSBZ=0;BQBZ=-2.22241;SCBZ=0;MQ0F=0;AC=1;AN=1;DP4=0,0,24,21;MQ=60;ANN=GC",non_coding_transcript_variant,MODIFIER,gene-PA1029,null.4,transcript,gene-PA1029,pseudogene,,,,,,,,,GT:PL,"1:255,0"
SRR2037128,NC_002516.2,1215657,1215657,AGG,AGGG,Insertion,228.401,"INDEL;IDV=18;IMF=0.947368;DP=19;VDB=0.214472;SGB=-0.691153;RPBZ=-1.64461;MQBZ=0;MQSBZ=0;BQBZ=-1.7251;SCBZ=0;MQ0F=0;AC=1;AN=1;DP4=0,1,8,10;MQ=60;ANN=AGGG",non_coding_transcript_variant,MODIFIER,gene-PA1122,null.5,transcript,gene-PA1122,pseudogene,,,,,,,,,GT:PL,"1:255,0"
SRR2037128,NC_002516.2,1275766,1275766,GAA,GA,Deletion,228.411,"INDEL;IDV=34;IMF=0.971429;DP=35;VDB=0.134603;SGB=-0.693132;RPBZ=-1.6836;MQBZ=0;MQSBZ=0;BQBZ=-1.78068;SCBZ=-4.1833;MQ0F=0;AC=1;AN=1;DP4=1,0,17,17;MQ=60;ANN=GA",frameshift_variant,HIGH,napA,gene-PA1174,transcript,TRANSCRIPT_gene-PA1174,protein_coding,1/1,c.31delT,p.Phe11fs,31/2490,31/2490,11/829,,WARNING_TRANSCRIPT_NO_START_CODON,GT:PL,"1:255,0"
SRR2037128,NC_002516.2,1440622,1440622,CAAA,CAA,Deletion,228.355,"INDEL;IDV=20;IMF=0.952381;DP=21;VDB=0.930276;SGB=-0.692067;RPBZ=-1.65252;MQBZ=0;MQSBZ=0;BQBZ=-1.75549;SCBZ=0.223607;MQ0F=0;AC=1;AN=1;DP4=0,1,7,13;MQ=60;ANN=CAA",frameshift_variant,HIGH,PA1327,gene-PA1327,transcript,TRANSCRIPT_gene-PA1327,protein_coding,1/1,c.1920delA,p.Pro642fs,1920/1971,1920/1971,640/656,,,GT:PL,"1:255,0"
SRR2037128,NC_002516.2,1445357,1445357,A,AG,Insertion,225.417,"INDEL;IDV=20;IMF=1;DP=20;VDB=0.905401;SGB=-0.692067;MQSBZ=0;BQBZ=-1.89385;MQ0F=0;AC=1;AN=1;DP4=0,0,11,9;MQ=60;ANN=AG",intergenic_region,MODIFIER,PA1332-PA1333,gene-PA1332-gene-PA1333,intergenic_region,gene-PA1332-gene-PA1333,,,n.1445357_1445358insG,,,,,,,GT:PL,"1:255,0"
SRR2037128,NC_002516.2,1467482,1467482,A,AGC,Insertion,228.38,"INDEL;IDV=25;IMF=0.925926;DP=27;VDB=0.155383;SGB=-0.692914;RPBZ=-2.31596;MQBZ=0;MQSBZ=0;BQBZ=-1.74482;SCBZ=-4.24047;MQ0F=0;AC=1;AN=1;DP4=1,1,11,14;MQ=60;ANN=AGC",intergenic_region,MODIFIER,PA1352-PA1353,gene-PA1352-gene-PA1353,intergenic_region,gene-PA1352-gene-PA1353,,,n.1467482_1467483insGC,,,,,,,GT:PL,"1:255,0"
SRR2037128,NC_002516.2,1587941,1587941,T,G,SNPS,216.36,"DP=12;VDB=2.90693e-05;SGB=-0.670168;RPBZ=1.58838;MQBZ=-0.316228;MQSBZ=0.912871;BQBZ=1.32665;SCBZ=0.994987;MQ0F=0;AC=1;AN=1;DP4=0,1,6,4;MQ=58;ANN=G",missense_variant,MODERATE,PA1458,gene-PA1458,transcript,TRANSCRIPT_gene-PA1458,protein_coding,1/1,c.919T>G,p.Ser307Ala,919/2262,919/2262,307/753,,,GT:PL,"1:243,0"
SRR2037128,NC_002516.2,1587943,1587943,G,A,SNPS,225.417,"DP=12;VDB=6.66086e-06;SGB=-0.676189;MQSBZ=0.912871;MQ0F=0;AC=1;AN=1;DP4=0,0,6,5;MQ=58;ANN=A",synonymous_variant,LOW,PA1458,gene-PA1458,transcript,TRANSCRIPT_gene-PA1458,protein_coding,1/1,c.921G>A,p.Ser307Ser,921/2262,921/2262,307/753,,,GT:PL,"1:255,0"
SRR2037128,NC_002516.2,1589438,1589438,G,C,SNPS,225.417,"DP=18;VDB=0.595518;SGB=-0.690438;MQSBZ=0;MQ0F=0;AC=1;AN=1;DP4=0,0,6,11;MQ=60;ANN=C",missense_variant,MODERATE,PA1459,gene-PA1459,transcript,TRANSCRIPT_gene-PA1459,protein_coding,1/1,c.101G>C,p.Gly34Ala,101/1107,101/1107,34/368,,,GT:PL,"1:255,0"
SRR2037128,NC_002516.2,1716441,1716441,G,C,SNPS,225.417,"DP=28;VDB=0.117403;SGB=-0.692717;MQSBZ=0;MQ0F=0;AC=1;AN=1;DP4=0,0,13,10;MQ=60;ANN=C",synonymous_variant,LOW,PA1576,gene-PA1576,transcript,TRANSCRIPT_gene-PA1576,protein_coding,1/1,c.633G>C,p.Ala211Ala,633/867,633/867,211/288,,,GT:PL,"1:255,0"
SRR2037128,NC_002516.2,1835045,1835045,G,GC,Insertion,225.417,"INDEL;IDV=25;IMF=1;DP=25;VDB=0.669889;SGB=-0.692914;MQSBZ=0;BQBZ=-1.7467;MQ0F=0;AC=1;AN=1;DP4=0,0,11,14;MQ=60;ANN=GC",frameshift_variant,HIGH,masA,gene-PA1685,transcript,TRANSCRIPT_gene-PA1685,protein_coding,1/1,c.653_654insC,p.Ser219fs,654/750,654/750,218/249,,;LOF=(masA|gene-PA1685|1|1.00),GT:PL,"1:255,0"
SRR2037128,NC_002516.2,2169348,2169348,AGG,AGGG,Insertion,228.386,"INDEL;IDV=21;IMF=0.913043;DP=23;VDB=0.134987;SGB=-0.692352;RPBZ=-2.29412;MQBZ=0;MQSBZ=0;BQBZ=-1.76335;SCBZ=-2.23122;MQ0F=0;AC=1;AN=1;DP4=1,1,9,12;MQ=60;ANN=AGGG",intergenic_region,MODIFIER,exaA-exaB,gene-PA1982-gene-PA1983,intergenic_region,gene-PA1982-gene-PA1983,,,n.2169350_2169351insG,,,,,,,GT:PL,"1:255,0"
SRR2037128,NC_002516.2,2186927,2186927,G,GC,Insertion,225.417,"INDEL;IDV=27;IMF=1;DP=27;VDB=0.0386738;SGB=-0.693021;MQSBZ=0;BQBZ=-1.50398;MQ0F=0;AC=1;AN=1;DP4=0,0,12,15;MQ=60;ANN=GC",intergenic_region,MODIFIER,dhcB-atoB,gene-PA2000-gene-PA2001,intergenic_region,gene-PA2000-gene-PA2001,,,n.2186927_2186928insC,,,,,,,GT:PL,"1:255,0"
SRR2037128,NC_002516.2,2195457,2195457,GCCCCC,GCCCCCC,Insertion,228.374,"INDEL;IDV=21;IMF=0.954545;DP=22;VDB=0.407116;SGB=-0.692352;RPBZ=-1.65597;MQBZ=0;MQSBZ=0;BQBZ=-1.75412;SCBZ=0.316228;MQ0F=0;AC=1;AN=1;DP4=1,0,12,9;MQ=60;ANN=GCCCCCC",intergenic_region,MODIFIER,PA2006-maiA,gene-PA2006-gene-PA2007,intergenic_region,gene-PA2006-gene-PA2007,,,n.2195462_2195463insC,,,,,,,GT:PL,"1:255,0"
SRR2037128,NC_002516.2,2234338,2234338,T,C,SNPS,225.417,"DP=23;VDB=0.0999488;SGB=-0.692067;MQSBZ=0;MQ0F=0;AC=1;AN=1;DP4=0,0,7,13;MQ=60;ANN=C",missense_variant,MODERATE,PA2042,gene-PA2042,transcript,TRANSCRIPT_gene-PA2042,protein_coding,1/1,c.259T>C,p.Tyr87His,259/1230,259/1230,87/409,,,GT:PL,"1:255,0"
SRR2037128,NC_002516.2,2239547,2239547,T,G,SNPS,213.421,"DP=21;VDB=0.190985;SGB=-0.689466;MQSBZ=0;MQ0F=0;AC=1;AN=1;DP4=0,0,7,9;MQ=60;ANN=G",non_coding_transcript_variant,MODIFIER,gene-PA2046,null.7,transcript,gene-PA2046,pseudogene,,,,,,,,,GT:PL,"1:255,12"
SRR2037128,NC_002516.2,2239555,2239555,A,AG,Insertion,225.417,"INDEL;IDV=20;IMF=1;DP=20;VDB=0.0672588;SGB=-0.692067;MQSBZ=0;MQ0F=0;AC=1;AN=1;DP4=0,0,9,11;MQ=60;ANN=AG",non_coding_transcript_variant,MODIFIER,gene-PA2046,null.7,transcript,gene-PA2046,pseudogene,,,,,,,,,GT:PL,"1:255,0"
SRR2037128,NC_002516.2,2342110,2342110,CT,CTT,Insertion,228.374,"INDEL;IDV=41;IMF=0.953488;DP=43;VDB=0.890932;SGB=-0.693145;RPBZ=-2.33629;MQBZ=0;MQSBZ=0;BQBZ=-1.63178;SCBZ=0;MQ0F=0;AC=1;AN=1;DP4=0,2,16,25;MQ=60;ANN=CTT",intergenic_region,MODIFIER,PA2127-cupA1,gene-PA2127-gene-PA2128,intergenic_region,gene-PA2127-gene-PA2128,,,n.2342111_2342112insT,,,,,,,GT:PL,"1:255,0"
SRR2037128,NC_002516.2,2355771,2355771,A,AG,Insertion,228.415,"INDEL;IDV=19;IMF=0.95;DP=20;VDB=0.264209;SGB=-0.69168;RPBZ=-1.64999;MQBZ=0;MQSBZ=0;BQBZ=-1.71953;SCBZ=-4.3589;MQ0F=0;AC=1;AN=1;DP4=1,0,12,7;MQ=60;ANN=AG",non_coding_transcript_variant,MODIFIER,gene-PA2139,null.8,transcript,gene-PA2139,pseudogene,,,,,,,,,GT:PL,"1:255,0"
SRR2037128,NC_002516.2,2356681,2356681,GCCC,GCC,Deletion,228.388,"INDEL;IDV=32;IMF=0.941176;DP=34;VDB=0.809142;SGB=-0.69312;RPBZ=-2.30874;MQBZ=0;MQSBZ=0;BQBZ=-1.85225;SCBZ=-5.74456;MQ0F=0;AC=1;AN=1;DP4=1,1,17,15;MQ=60;ANN=GCC",frameshift_variant,HIGH,PA2141,gene-PA2141,transcript,TRANSCRIPT_gene-PA2141,protein_coding,1/1,c.517delC,p.Leu173fs,517/549,517/549,173/182,,;LOF=(PA2141|gene-PA2141|1|1.00),GT:PL,"1:255,0"
SRR2037128,NC_002516.2,2532046,2532046,G,GC,Insertion,225.417,"INDEL;IDV=19;IMF=1;DP=19;VDB=0.231713;SGB=-0.69168;MQSBZ=0;BQBZ=-1.71629;MQ0F=0;AC=1;AN=1;DP4=0,0,14,5;MQ=60;ANN=GC",intergenic_region,MODIFIER,chiC-PA2301,gene-PA2300-gene-PA2301,intergenic_region,gene-PA2300-gene-PA2301,,,n.2532046_2532047insC,,,,,,,GT:PL,"1:255,0"
SRR2037128,NC_002516.2,2669175,2669175,G,C,SNPS,225.417,"DP=31;VDB=0.91403;SGB=-0.693079;MQSBZ=0;MQ0F=0;AC=1;AN=1;DP4=0,0,14,15;MQ=60;ANN=C",missense_variant,MODERATE,pvdJ,gene-PA2400,transcript,TRANSCRIPT_gene-PA2400,protein_coding,1/1,c.2455C>G,p.Pro819Ala,2455/6474,2455/6474,819/2157,,,GT:PL,"1:255,0"
SRR2037128,NC_002516.2,2753522,2753522,G,GC,Insertion,228.368,"INDEL;IDV=15;IMF=0.882353;DP=17;VDB=0.982424;SGB=-0.688148;RPBZ=-1.79658;MQBZ=0;MQSBZ=0;BQBZ=-0.567962;SCBZ=0;MQ0F=0;AC=1;AN=1;DP4=1,1,8,7;MQ=60;ANN=GC",non_coding_transcript_variant,MODIFIER,gene-PA2451,null.9,transcript,gene-PA2451,pseudogene,,,,,,,,,GT:PL,"1:255,0"
SRR2037128,NC_002516.2,2806625,2806625,C,T,SNPS,225.417,"DP=35;VDB=0.598107;SGB=-0.692914;MQSBZ=0;MQ0F=0;AC=1;AN=1;DP4=0,0,10,15;MQ=60;ANN=T",missense_variant,MODERATE,PA2491,gene-PA2491,transcript,TRANSCRIPT_gene-PA2491,protein_coding,1/1,c.745G>A,p.Asp249Asn,745/1020,745/1020,249/339,,,GT:PL,"1:255,0"
SRR2037128,NC_002516.2,2807693,2807693,TCGGCCAGCCGGCCAGCCGGCCA,TCGGCCAGCCGGCCA,Deletion,228.306,"INDEL;IDV=18;IMF=0.857143;DP=21;VDB=0.0278694;SGB=-0.691153;RPBZ=-2.71802;MQBZ=0;MQSBZ=0;BQBZ=-1.59158;SCBZ=-3.54965;MQ0F=0;AC=1;AN=1;DP4=2,1,9,9;MQ=60;ANN=TCGGCCAGCCGGCCA",frameshift_variant,HIGH,mexT,gene-PA2492,transcript,TRANSCRIPT_gene-PA2492,protein_coding,1/1,c.240_247delGCCGGCCA,p.Gln80fs,240/1044,240/1044,80/347,,;LOF=(mexT|gene-PA2492|1|1.00),GT:PL,"1:255,0"
SRR2037128,NC_002516.2,2807982,2807982,T,A,SNPS,225.417,"DP=19;VDB=0.606239;SGB=-0.689466;MQSBZ=0;MQ0F=0;AC=1;AN=1;DP4=0,0,9,7;MQ=60;ANN=A",missense_variant,MODERATE,mexT,gene-PA2492,transcript,TRANSCRIPT_gene-PA2492,protein_coding,1/1,c.514T>A,p.Phe172Ile,514/1044,514/1044,172/347,,,GT:PL,"1:255,0"
SRR2037128,NC_002516.2,3016844,3016844,GC,GCC,Insertion,225.417,"INDEL;IDV=19;IMF=1;DP=19;VDB=0.579247;SGB=-0.69168;MQSBZ=0;BQBZ=-1.66566;MQ0F=0;AC=1;AN=1;DP4=0,0,9,10;MQ=60;ANN=GCC",non_coding_transcript_variant,MODIFIER,gene-PA2668,null.10,transcript,gene-PA2668,pseudogene,,,,,,,,,GT:PL,"1:255,0"
SRR2037128,NC_002516.2,3083196,3083196,A,AG,Insertion,228.407,"INDEL;IDV=23;IMF=0.958333;DP=24;VDB=0.320287;SGB=-0.692717;RPBZ=1.66241;MQBZ=0;MQSBZ=0;BQBZ=-1.75476;SCBZ=0;MQ0F=0;AC=1;AN=1;DP4=0,1,16,7;MQ=60;ANN=AG",non_coding_transcript_variant,MODIFIER,gene-PA2727,null.11,transcript,gene-PA2727,pseudogene,,,,,,,,,GT:PL,"1:255,0"
SRR2037128,NC_002516.2,3919508,3919508,G,GC,Insertion,228.389,"INDEL;IDV=26;IMF=0.962963;DP=27;VDB=0.293338;SGB=-0.692976;RPBZ=-1.67007;MQBZ=0;MQSBZ=0;BQBZ=0.333228;SCBZ=0;MQ0F=0;AC=1;AN=1;DP4=0,1,10,16;MQ=60;ANN=GC",non_coding_transcript_variant,MODIFIER,gene-PA3503,null.13,transcript,gene-PA3503,pseudogene,,,,,,,,,GT:PL,"1:255,0"
SRR2037128,NC_002516.2,4212201,4212201,A,G,SNPS,225.417,"DP=36;VDB=0.155307;SGB=-0.69311;MQSBZ=0;MQ0F=0;AC=1;AN=1;DP4=0,0,16,15;MQ=60;ANN=G",missense_variant,MODERATE,PA3760,gene-PA3760,transcript,TRANSCRIPT_gene-PA3760,protein_coding,1/1,c.1907A>G,p.His636Arg,1907/2529,1907/2529,636/842,,,GT:PL,"1:255,0"
SRR2037128,NC_002516.2,4344266,4344266,A,G,SNPS,225.417,"DP=30;VDB=0.680968;SGB=-0.692562;MQSBZ=0;MQ0F=0;AC=1;AN=1;DP4=0,0,9,13;MQ=60;ANN=G",synonymous_variant,LOW,narK1,gene-PA3877,transcript,TRANSCRIPT_gene-PA3877,protein_coding,1/1,c.570T>C,p.Leu190Leu,570/1296,570/1296,190/431,,,GT:PL,"1:255,0"
SRR2037128,NC_002516.2,4448855,4448855,C,G,SNPS,225.417,"DP=33;VDB=0.0222119;SGB=-0.693097;MQSBZ=0;MQ0F=0;AC=1;AN=1;DP4=0,0,18,12;MQ=60;ANN=G",intergenic_region,MODIFIER,PA3969a-amn,gene-PA3969a-gene-PA3970,intergenic_region,gene-PA3969a-gene-PA3970,,,n.4448855C>G,,,,,,,GT:PL,"1:255,0"
SRR2037128,NC_002516.2,4448856,4448856,G,C,SNPS,225.417,"DP=33;VDB=0.0203369;SGB=-0.693097;MQSBZ=0;MQ0F=0;AC=1;AN=1;DP4=0,0,18,12;MQ=60;ANN=C",intergenic_region,MODIFIER,PA3969a-amn,gene-PA3969a-gene-PA3970,intergenic_region,gene-PA3969a-gene-PA3970,,,n.4448856G>C,,,,,,,GT:PL,"1:255,0"
SRR2037128,NC_002516.2,4539468,4539468,GC,GCC,Insertion,225.417,"INDEL;IDV=33;IMF=1;DP=33;VDB=0.751392;SGB=-0.693127;MQSBZ=0;BQBZ=-1.81885;MQ0F=0;AC=1;AN=1;DP4=0,0,10,23;MQ=60;ANN=GCC",non_coding_transcript_variant,MODIFIER,gene-PA4058,null.14,transcript,gene-PA4058,pseudogene,,,,,,,,,GT:PL,"1:255,0"
SRR2037128,NC_002516.2,4789053,4789053,C,CA,Insertion,79.4149,"INDEL;IDV=3;IMF=0.75;DP=4;VDB=0.96339;SGB=-0.556411;RPBZ=1.34164;MQBZ=1.73205;MQSBZ=1.87083;BQBZ=-2.07931;SCBZ=0;MQ0F=0;AC=1;AN=1;DP4=0,0,0,4;MQ=37;ANN=CA",non_coding_transcript_exon_variant,MODIFIER,PA4280.2,gene-PA4280.2,transcript,rna-PA4280.2,rRNA,1/1,n.2671_2672insT,,,,,,,GT:PL,"1:109,0"
SRR2037128,NC_002516.2,4869855,4869855,T,G,SNPS,225.417,"DP=20;VDB=0.944726;SGB=-0.69168;MQSBZ=0;MQ0F=0;AC=1;AN=1;DP4=0,0,11,8;MQ=60;ANN=G",missense_variant,MODERATE,PA4341,gene-PA4341,transcript,TRANSCRIPT_gene-PA4341,protein_coding,1/1,c.474A>C,p.Glu158Asp,474/771,474/771,158/256,,,GT:PL,"1:255,0"
SRR2037128,NC_002516.2,4888194,4888194,A,AG,Insertion,225.417,"INDEL;IDV=28;IMF=1;DP=28;VDB=0.950947;SGB=-0.693054;MQSBZ=0;BQBZ=-1.66641;MQ0F=0;AC=1;AN=1;DP4=0,0,14,14;MQ=60;ANN=AG",non_coding_transcript_variant,MODIFIER,gene-PA4360,null.15,transcript,gene-PA4360,pseudogene,,,,,,,,,GT:PL,"1:255,0"
SRR2037128,NC_002516.2,4924552,4924552,C,G,SNPS,225.417,"DP=21;VDB=0.424525;SGB=-0.69168;MQSBZ=0;MQ0F=0;AC=1;AN=1;DP4=0,0,8,11;MQ=60;ANN=G",missense_variant,MODERATE,PA4394,gene-PA4394,transcript,TRANSCRIPT_gene-PA4394,protein_coding,1/1,c.532G>C,p.Val178Leu,532/837,532/837,178/278,,,GT:PL,"1:255,0"
SRR2037128,NC_002516.2,4924553,4924553,G,C,SNPS,225.417,"DP=21;VDB=0.416988;SGB=-0.69168;MQSBZ=0;MQ0F=0;AC=1;AN=1;DP4=0,0,8,11;MQ=60;ANN=C",synonymous_variant,LOW,PA4394,gene-PA4394,transcript,TRANSCRIPT_gene-PA4394,protein_coding,1/1,c.531C>G,p.Pro177Pro,531/837,531/837,177/278,,,GT:PL,"1:255,0"
SRR2037128,NC_002516.2,5033101,5033101,G,GC,Insertion,228.411,"INDEL;IDV=28;IMF=0.965517;DP=29;VDB=0.94467;SGB=-0.693054;RPBZ=-1.67518;MQBZ=0;MQSBZ=0;BQBZ=-1.66927;SCBZ=0;MQ0F=0;AC=1;AN=1;DP4=0,1,12,16;MQ=60;ANN=GC",intergenic_region,MODIFIER,PA4496-PA4497,gene-PA4496-gene-PA4497,intergenic_region,gene-PA4496-gene-PA4497,,,n.5033101_5033102insC,,,,,,,GT:PL,"1:255,0"
SRR2037128,NC_002516.2,5036891,5036891,A,C,SNPS,225.417,"DP=35;VDB=0.31083;SGB=-0.69311;MQSBZ=0;MQ0F=0;AC=1;AN=1;DP4=0,0,14,17;MQ=60;ANN=C",intergenic_region,MODIFIER,PA4499-PA4500,gene-PA4499-gene-PA4500,intergenic_region,gene-PA4499-gene-PA4500,,,n.5036891A>C,,,,,,,GT:PL,"1:255,0"
SRR2037128,NC_002516.2,5071543,5071543,AACTGACTGAC,AACTGAC,Deletion,228.367,"INDEL;IDV=28;IMF=0.875;DP=32;VDB=0.761789;SGB=-0.693054;RPBZ=-3.19177;MQBZ=0;MQSBZ=0;BQBZ=-1.57965;SCBZ=-5.55847;MQ0F=0;AC=1;AN=1;DP4=2,2,14,14;MQ=60;ANN=AACTGAC",intergenic_region,MODIFIER,pilB-pilC,gene-PA4526-pilC,intergenic_region,gene-PA4526-pilC,,,n.5071550_5071553delTGAC,,,,,,,GT:PL,"1:255,0"
SRR2037128,NC_002516.2,5472415,5472415,CG,CGG,Insertion,225.417,"INDEL;IDV=23;IMF=1;DP=23;VDB=0.674786;SGB=-0.692717;MQSBZ=0;BQBZ=-1.68106;MQ0F=0;AC=1;AN=1;DP4=0,0,14,9;MQ=60;ANN=CGG",non_coding_transcript_variant,MODIFIER,gene-PA4875,null.17,transcript,gene-PA4875,pseudogene,,,,,,,,,GT:PL,"1:255,0"
SRR2037128,NC_002516.2,5655220,5655220,CCGGCGGCGGC,CCGGCGGCGGCGGC,Insertion,228.378,"INDEL;IDV=34;IMF=0.894737;DP=38;VDB=0.54604;SGB=-0.693132;RPBZ=-3.11825;MQBZ=0;MQSBZ=0;BQBZ=-1.9375;SCBZ=-2.91548;MQ0F=0;AC=1;AN=1;DP4=1,3,20,14;MQ=60;ANN=CCGGCGGCGGCGGC",conservative_inframe_insertion,MODERATE,PA5024,gene-PA5024,transcript,TRANSCRIPT_gene-PA5024,protein_coding,1/1,c.673_675dupGGC,p.Gly225dup,676/972,676/972,226/323,,,GT:PL,"1:255,0"
SRR2037128,NC_002516.2,5743461,5743461,C,G,SNPS,225.417,"DP=20;VDB=0.786219;SGB=-0.692067;MQSBZ=0;MQ0F=0;AC=1;AN=1;DP4=0,0,9,11;MQ=60;ANN=G",synonymous_variant,LOW,hutU,gene-PA5100,transcript,TRANSCRIPT_gene-PA5100,protein_coding,1/1,c.1293G>C,p.Thr431Thr,1293/1680,1293/1680,431/559,,WARNING_TRANSCRIPT_NO_START_CODON,GT:PL,"1:255,0"
SRR2037128,NC_002516.2,5743462,5743462,G,C,SNPS,225.417,"DP=20;VDB=0.781662;SGB=-0.692067;MQSBZ=0;MQ0F=0;AC=1;AN=1;DP4=0,0,9,11;MQ=60;ANN=C",missense_variant,MODERATE,hutU,gene-PA5100,transcript,TRANSCRIPT_gene-PA5100,protein_coding,1/1,c.1292C>G,p.Thr431Arg,1292/1680,1292/1680,431/559,,WARNING_TRANSCRIPT_NO_START_CODON,GT:PL,"1:255,0"
SRR2037128,NC_002516.2,6079222,6079222,A,G,SNPS,225.417,"DP=35;VDB=0.849155;SGB=-0.693097;MQSBZ=0;MQ0F=0;AC=1;AN=1;DP4=0,0,14,16;MQ=60;ANN=G",synonymous_variant,LOW,dgcB,gene-PA5399,transcript,TRANSCRIPT_gene-PA5399,protein_coding,1/1,c.1179A>G,p.Leu393Leu,1179/1962,1179/1962,393/653,,,GT:PL,"1:255,0"
SRR2037128,NC_002516.2,6098781,6098781,G,C,SNPS,225.417,"DP=27;VDB=0.0474181;SGB=-0.692831;MQSBZ=0;MQ0F=0;AC=1;AN=1;DP4=0,0,15,9;MQ=60;ANN=C",synonymous_variant,LOW,soxA,gene-PA5418,transcript,TRANSCRIPT_gene-PA5418,protein_coding,1/1,c.1758G>C,p.Gly586Gly,1758/3018,1758/3018,586/1005,,,GT:PL,"1:255,0"
SRR2037128,NC_002516.2,6115455,6115455,T,G,SNPS,225.417,"DP=25;VDB=0.0114544;SGB=-0.692717;MQSBZ=0;MQ0F=0;AC=1;AN=1;DP4=0,0,11,12;MQ=60;ANN=G",missense_variant,MODERATE,mtr,gene-PA5434,transcript,TRANSCRIPT_gene-PA5434,protein_coding,1/1,c.858A>C,p.Lys286Asn,858/1254,858/1254,286/417,,WARNING_TRANSCRIPT_NO_START_CODON,GT:PL,"1:255,0"