SRA_Run,CHROM,POS.start,POS.end,REF,ALT,SNPS,QUAL,Allele,Annotation,Annotation_Impact,Gene_Name,Gene_ID,Feature_Type,Feature_ID,Transcript_BioType,Rank,HGVS.c,HGVS.p,cDNA.pos/cDNA.length,CDS.pos/CDS.length,AA.pos/AA.length,Distance,ERRORS/WARNINGS/INFO,FORMAT,/media/volume/sdb/Hvol_1003915/assembly/results/bam/SRR25584993.aligned.sorted.bam
SRR25584993,NC_013967.1,31720,31720,C,T,SNPS,225.417,"DP=32;VDB=0.429293;SGB=-0.692717;MQSBZ=1.36931;MQ0F=0;AC=1;AN=1;DP4=0,0,8,15;MQ=59;ANN=T",synonymous_variant,LOW,HVO_RS04855,gene-HVO_RS04855,transcript,TRANSCRIPT_gene-HVO_RS04855,protein_coding,1-Jan,c.600C>T,p.Pro200Pro,600/1086,600/1086,200/361,,,GT:PL,"1:255,0"
SRR25584993,NC_013967.1,301694,301694,T,A,SNPS,36.4154,"DP=2;VDB=0.1;SGB=-0.453602;MQ0F=0;AC=1;AN=1;DP4=0,0,0,2;MQ=60;ANN=A",intergenic_region,MODIFIER,HVO_RS06300-pyrE,gene-HVO_RS06300-gene-HVO_RS06305,intergenic_region,gene-HVO_RS06300-gene-HVO_RS06305,,,n.301694T>A,,,,,,,GT:PL,"1:66,0"
SRR25584993,NC_013967.1,638947,638947,GA,G,Deletion,228.372,"INDEL;IDV=31;IMF=0.939394;DP=33;VDB=0.49912;SGB=-0.69311;RPBZ=-2.3401;MQBZ=0;MQSBZ=0;BQBZ=-1.74029;SCBZ=-1.16098;MQ0F=0;AC=1;AN=1;DP4=2,0,12,19;MQ=60;ANN=G",non_coding_transcript_exon_variant,MODIFIER,gene-HVO_RS08125,null.9,transcript,gene-HVO_RS08125,pseudogene,1-Jan,n.322delT,,,,,,,GT:PL,"1:255,0"
SRR25584993,NC_013967.1,639011,639011,CT,C,Deletion,228.414,"INDEL;IDV=23;IMF=0.958333;DP=24;VDB=0.0139303;SGB=-0.692717;RPBZ=-1.66169;MQBZ=0;MQSBZ=0;BQBZ=-1.74918;SCBZ=0.508548;MQ0F=0;AC=1;AN=1;DP4=1,0,11,12;MQ=60;ANN=C",non_coding_transcript_exon_variant,MODIFIER,gene-HVO_RS08125,null.9,transcript,gene-HVO_RS08125,pseudogene,1-Jan,n.258delA,,,,,,,GT:PL,"1:255,0"
SRR25584993,NC_013967.1,851227,851227,CG,CGG,Insertion,228.389,"INDEL;IDV=30;IMF=0.909091;DP=33;VDB=0.155408;SGB=-0.693079;RPBZ=-2.82013;MQBZ=0;MQSBZ=0;BQBZ=1.52064;SCBZ=-2.87439;MQ0F=0;AC=1;AN=1;DP4=1,1,19,10;MQ=60;ANN=CGG",frameshift_variant,HIGH,HVO_RS09190,gene-HVO_RS09190,transcript,TRANSCRIPT_gene-HVO_RS09190,protein_coding,1-Jan,c.299_300insC,p.Glu101fs,299/477,299/477,100/158,,;LOF=(HVO_RS09190|gene-HVO_RS09190|1|1.00),GT:PL,"1:255,0"
SRR25584993,NC_013967.1,936949,936949,CAA,CA,Deletion,228.402,"INDEL;IDV=34;IMF=0.971429;DP=35;VDB=0.35815;SGB=-0.693132;RPBZ=-1.68408;MQBZ=0;MQSBZ=0;BQBZ=-1.72958;SCBZ=0.358386;MQ0F=0;AC=1;AN=1;DP4=0,1,18,16;MQ=60;ANN=CA",intergenic_region,MODIFIER,tatAo-HVO_RS09635,gene-HVO_RS09630-gene-HVO_RS09635,intergenic_region,gene-HVO_RS09630-gene-HVO_RS09635,,,n.936951delA,,,,,,,GT:PL,"1:255,0"
SRR25584993,NC_013967.1,985862,985862,G,T,SNPS,225.417,"DP=24;VDB=0.495195;SGB=-0.69168;MQSBZ=0;MQ0F=0;AC=1;AN=1;DP4=0,0,10,9;MQ=60;ANN=T",missense_variant,MODERATE,HVO_RS09885,gene-HVO_RS09885,transcript,TRANSCRIPT_gene-HVO_RS09885,protein_coding,1-Jan,c.485C>A,p.Ser162Tyr,485/567,485/567,162/188,,,GT:PL,"1:255,0"
SRR25584993,NC_013967.1,1390887,1390887,G,A,SNPS,13.2404,"DP=8;VDB=0.86;SGB=-0.453602;RPBZ=0.57735;MQBZ=1.93649;MQSBZ=-1.93649;BQBZ=-1.93649;SCBZ=-1.29099;MQ0F=0.375;AC=1;AN=1;DP4=0,3,2,0;MQ=11;ANN=A",missense_variant,MODERATE,HVO_RS12030,gene-HVO_RS12030,transcript,TRANSCRIPT_gene-HVO_RS12030,protein_coding,1-Jan,c.382C>T,p.His128Tyr,382/1167,382/1167,128/388,,WARNING_TRANSCRIPT_NO_START_CODON,GT:PL,"1:40,0"
SRR25584993,NC_013967.1,1697788,1697788,G,GC,Insertion,61.4147,"INDEL;IDV=3;IMF=1;DP=3;VDB=0.074936;SGB=-0.511536;MQSBZ=-2.50463;BQBZ=-1.73059;MQ0F=0;AC=1;AN=1;DP4=0,0,3,0;MQ=36;ANN=GC",non_coding_transcript_exon_variant,MODIFIER,gene-HVO_RS20195,null.30,transcript,gene-HVO_RS20195,pseudogene,1-Jan,n.390_391insG,,,,,,,GT:PL,"1:91,0"
SRR25584993,NC_013967.1,1733547,1733547,CGGG,CGG,Deletion,228.25,"INDEL;IDV=27;IMF=0.870968;DP=31;VDB=0.405486;SGB=-0.693021;RPBZ=-3.18359;MQBZ=-1.02533;MQSBZ=2.50828;BQBZ=-1.79206;SCBZ=-2.59808;MQ0F=0.0645161;AC=1;AN=1;DP4=2,2,14,13;MQ=50;ANN=CGG",intergenic_region,MODIFIER,HVO_RS13710-HVO_RS13715,gene-HVO_RS13710-gene-HVO_RS13715,intergenic_region,gene-HVO_RS13710-gene-HVO_RS13715,,,n.1733550delG,,,,,,,GT:PL,"1:255,0"
SRR25584993,NC_013967.1,2410564,2410564,A,G,SNPS,225.417,"DP=27;VDB=0.226683;SGB=-0.692067;MQSBZ=0;MQ0F=0;AC=1;AN=1;DP4=0,0,11,9;MQ=60;ANN=G",missense_variant,MODERATE,HVO_RS16995,gene-HVO_RS16995,transcript,TRANSCRIPT_gene-HVO_RS16995,protein_coding,1-Jan,c.239T>C,p.Leu80Pro,239/708,239/708,80/235,,,GT:PL,"1:255,0"
SRR25584993,NC_013964.1,296775,296775,AGGCC,AGGCCGCGGGCAGCGGCC,Insertion,225.417,"INDEL;IDV=11;IMF=0.916667;DP=12;VDB=0.160505;SGB=-0.680642;RPBZ=0.872103;MQBZ=0;MQSBZ=0;BQBZ=-2.34521;SCBZ=0.445362;MQ0F=0;AC=1;AN=1;DP4=0,0,7,5;MQ=60;ANN=AGGCCGCGGGCAGCGGCC",non_coding_transcript_exon_variant,MODIFIER,gene-HVO_RS01220,null.68,transcript,gene-HVO_RS01220,pseudogene,1-Jan,n.365_366insGGCCGCTGCCCGC,,,,,,,GT:PL,"1:255,0"
SRR25584993,NC_013964.1,359039,359039,CG,CGG,Insertion,105.415,"INDEL;IDV=15;IMF=0.9375;DP=16;VDB=0.416788;SGB=-0.686358;RPBZ=1.52187;MQBZ=0;MQSBZ=0;SCBZ=-2.38667;MQ0F=0;AC=1;AN=1;DP4=0,0,11,3;MQ=60;ANN=CGG",frameshift_variant,HIGH,HVO_RS01495,gene-HVO_RS01495,transcript,TRANSCRIPT_gene-HVO_RS01495,protein_coding,1-Jan,c.929dupG,p.Ser311fs,930/966,930/966,310/321,,,GT:PL,"1:135,0"
SRR25584993,NC_013964.1,359057,359057,AG,AGG,Insertion,110.415,"INDEL;IDV=17;IMF=1;DP=17;VDB=0.233161;SGB=-0.688148;MQSBZ=0;MQ0F=0;AC=1;AN=1;DP4=0,0,12,3;MQ=60;ANN=AGG",frameshift_variant,HIGH,HVO_RS01495,gene-HVO_RS01495,transcript,TRANSCRIPT_gene-HVO_RS01495,protein_coding,1-Jan,c.947dupG,p.Ser316fs,948/966,948/966,316/321,,,GT:PL,"1:140,0"
SRR25584993,NC_013964.1,359101,359101,CG,CGG,Insertion,148.416,"INDEL;IDV=16;IMF=1;DP=16;VDB=0.208375;SGB=-0.688148;MQSBZ=0;BQBZ=-2.32048;MQ0F=0;AC=1;AN=1;DP4=0,0,9,6;MQ=60;ANN=CGG",intergenic_region,MODIFIER,HVO_RS01495-HVO_RS01500,gene-HVO_RS01495-gene-HVO_RS01500,intergenic_region,gene-HVO_RS01495-gene-HVO_RS01500,,,n.359102_359103insG,,,,,,,GT:PL,"1:178,0"
SRR25584993,NC_013964.1,359134,359134,GC,GCC,Insertion,202.417,"INDEL;IDV=18;IMF=1;DP=18;VDB=0.61942;SGB=-0.690438;MQSBZ=0;BQBZ=-1.56787;MQ0F=0;AC=1;AN=1;DP4=0,0,11,6;MQ=60;ANN=GCC",intergenic_region,MODIFIER,HVO_RS01495-HVO_RS01500,gene-HVO_RS01495-gene-HVO_RS01500,intergenic_region,gene-HVO_RS01495-gene-HVO_RS01500,,,n.359135_359136insC,,,,,,,GT:PL,"1:232,0"
SRR25584993,NC_013966.1,413930,413930,TGGG,TGG,Deletion,228.41,"INDEL;IDV=36;IMF=0.972973;DP=37;VDB=0.816709;SGB=-0.693139;RPBZ=-1.68695;MQBZ=0;MQSBZ=0;BQBZ=-1.77294;SCBZ=-1.82077;MQ0F=0;AC=1;AN=1;DP4=0,1,18,18;MQ=60;ANN=TGG",non_coding_transcript_exon_variant,MODIFIER,gene-HVO_RS03670,null.99,transcript,gene-HVO_RS03670,pseudogene,1-Jan,n.320delG,,,,,,,GT:PL,"1:255,0"
