SRA_Run,CHROM,POS.start,POS.end,REF,ALT,SNPS,QUAL,Allele,Annotation,Annotation_Impact,Gene_Name,Gene_ID,Feature_Type,Feature_ID,Transcript_BioType,Rank,HGVS.c,HGVS.p,cDNA.pos/cDNA.length,CDS.pos/CDS.length,AA.pos/AA.length,Distance,ERRORS/WARNINGS/INFO,FORMAT,/media/volume/sdb/Pseud_284567/assembly/results/bam/SRR2037125.aligned.sorted.bam
SRR2037125,NC_002516.2,98901,98901,CTGGCTGTGGCTGTGGCTGTGGCTGTGGCTGTGGCTGTGGCTGTGGCTGTGGCTGTGGCTGTGGCTGT,CTGGCTGTGGCTGTGGCTGTGGCTGTGGCTGTGGCTGTGGCTGTGGCTGTGGCTGTGGCTGTGGCTGTGGCTGT,Insertion,180.016,"INDEL;IDV=5;IMF=0.384615;DP=13;VDB=0.130743;SGB=-0.590765;RPBZ=-2.9277;MQBZ=0;MQSBZ=0;BQBZ=-1.78569;SCBZ=0;MQ0F=0;AC=1;AN=1;DP4=3,5,2,3;MQ=60;ANN=CTGGCTGTGGCTGTGGCTGTGGCTGTGGCTGTGGCTGTGGCTGTGGCTGTGGCTGTGGCTGTGGCTGTGGCTGT",conservative_inframe_insertion,MODERATE,fha1,gene-PA0081,transcript,TRANSCRIPT_gene-PA0081,protein_coding,1/1,c.788_789insACAGCC,p.Gln263_Gln264insGlnPro,788/1494,788/1494,263/497,,,GT:PL,"1:226,19"
SRR2037125,NC_002516.2,169283,169283,CG,C,Deletion,172.397,"INDEL;IDV=10;IMF=0.909091;DP=11;VDB=0.829464;SGB=-0.670168;RPBZ=-1.58114;MQBZ=0;MQSBZ=0;BQBZ=-1.7461;SCBZ=0;MQ0F=0;AC=1;AN=1;DP4=0,1,6,4;MQ=60;ANN=C",intergenic_region,MODIFIER,PA0148-PA0149,gene-PA0148-gene-PA0149,intergenic_region,gene-PA0148-gene-PA0149,,,n.169284delG,,,,,,,GT:PL,"1:199,0"
SRR2037125,NC_002516.2,183697,183697,T,G,SNPS,225.417,"DP=25;VDB=0.884785;SGB=-0.692831;MQSBZ=0;MQ0F=0;AC=1;AN=1;DP4=0,0,13,11;MQ=60;ANN=G",missense_variant,MODERATE,PA0159,gene-PA0159,transcript,TRANSCRIPT_gene-PA0159,protein_coding,1/1,c.930T>G,p.Cys310Trp,930/939,930/939,310/312,,WARNING_TRANSCRIPT_NO_START_CODON,GT:PL,"1:255,0"
SRR2037125,NC_002516.2,411125,411125,ACCCCC,ACCCC,Deletion,228.277,"INDEL;IDV=21;IMF=0.875;DP=24;VDB=0.422716;SGB=-0.692352;RPBZ=-2.62032;MQBZ=0;MQSBZ=0;BQBZ=-1.81125;SCBZ=0;MQ0F=0;AC=1;AN=1;DP4=3,0,13,8;MQ=60;ANN=ACCCC",intergenic_region,MODIFIER,PA0366-PA0367,gene-PA0366-gene-PA0367,intergenic_region,gene-PA0366-gene-PA0367,,,n.411130delC,,,,,,,GT:PL,"1:255,0"
SRR2037125,NC_002516.2,413850,413850,T,C,SNPS,225.417,"DP=22;VDB=0.00339415;SGB=-0.692352;MQSBZ=0;MQ0F=0;AC=1;AN=1;DP4=0,0,7,14;MQ=60;ANN=C",non_coding_transcript_variant,MODIFIER,gene-PA0369,null.2,transcript,gene-PA0369,pseudogene,,,,,,,,,GT:PL,"1:255,0"
SRR2037125,NC_002516.2,667028,667028,GC,GCC,Insertion,225.417,"INDEL;IDV=19;IMF=1;DP=19;VDB=0.904329;SGB=-0.69168;MQSBZ=0;BQBZ=-1.69249;MQ0F=0;AC=1;AN=1;DP4=0,0,12,7;MQ=60;ANN=GCC",intergenic_region,MODIFIER,PA0604-PA0605,gene-PA0604-gene-PA0605,intergenic_region,gene-PA0604-gene-PA0605,,,n.667029_667030insC,,,,,,,GT:PL,"1:255,0"
SRR2037125,NC_002516.2,721611,721611,C,T,SNPS,228.351,"DP=26;VDB=0.845884;SGB=-0.692067;RPBZ=2.80235;MQBZ=4.00534;MQSBZ=1.64765;BQBZ=-1.07634;SCBZ=0;MQ0F=0.230769;AC=1;AN=1;DP4=6,0,10,10;MQ=41;ANN=T",intergenic_region,MODIFIER,tyrZ-PA0668.1,gene-PA0668-gene-PA0668.1,intergenic_region,gene-PA0668-gene-PA0668.1,,,n.721611C>T,,,,,,,GT:PL,"1:255,0"
SRR2037125,NC_002516.2,721622,721622,C,T,SNPS,228.358,"DP=27;VDB=0.949962;SGB=-0.692352;RPBZ=2.1002;MQBZ=3.93445;MQSBZ=1.1625;BQBZ=-1.73547;SCBZ=0;MQ0F=0.222222;AC=1;AN=1;DP4=6,0,10,11;MQ=40;ANN=T",intergenic_region,MODIFIER,tyrZ-PA0668.1,gene-PA0668-gene-PA0668.1,intergenic_region,gene-PA0668-gene-PA0668.1,,,n.721622C>T,,,,,,,GT:PL,"1:255,0"
SRR2037125,NC_002516.2,721663,721663,T,C,SNPS,228.333,"DP=21;VDB=0.198913;SGB=-0.688148;RPBZ=0.700649;MQBZ=3.62915;MQSBZ=0.900281;BQBZ=-1.25041;SCBZ=0;MQ0F=0.285714;AC=1;AN=1;DP4=6,0,7,8;MQ=34;ANN=C",intergenic_region,MODIFIER,tyrZ-PA0668.1,gene-PA0668-gene-PA0668.1,intergenic_region,gene-PA0668-gene-PA0668.1,,,n.721663T>C,,,,,,,GT:PL,"1:255,0"
SRR2037125,NC_002516.2,721664,721664,C,T,SNPS,228.333,"DP=21;VDB=0.207007;SGB=-0.688148;RPBZ=0.701104;MQBZ=3.62915;MQSBZ=0.900281;BQBZ=-0.976897;SCBZ=0;MQ0F=0.285714;AC=1;AN=1;DP4=6,0,7,8;MQ=34;ANN=T",intergenic_region,MODIFIER,tyrZ-PA0668.1,gene-PA0668-gene-PA0668.1,intergenic_region,gene-PA0668-gene-PA0668.1,,,n.721664C>T,,,,,,,GT:PL,"1:255,0"
SRR2037125,NC_002516.2,721667,721667,A,G,SNPS,228.329,"DP=21;VDB=0.209061;SGB=-0.688148;RPBZ=0.701104;MQBZ=3.62915;MQSBZ=0.900281;BQBZ=-1.68634;SCBZ=0;MQ0F=0.285714;AC=1;AN=1;DP4=6,0,7,8;MQ=34;ANN=G",intergenic_region,MODIFIER,tyrZ-PA0668.1,gene-PA0668-gene-PA0668.1,intergenic_region,gene-PA0668-gene-PA0668.1,,,n.721667A>G,,,,,,,GT:PL,"1:255,0"
SRR2037125,NC_002516.2,721670,721670,A,G,SNPS,228.332,"DP=21;VDB=0.200918;SGB=-0.688148;RPBZ=0.740055;MQBZ=3.62915;MQSBZ=0.900281;BQBZ=0.0407666;SCBZ=0;MQ0F=0.285714;AC=1;AN=1;DP4=6,0,7,8;MQ=34;ANN=G",intergenic_region,MODIFIER,tyrZ-PA0668.1,gene-PA0668-gene-PA0668.1,intergenic_region,gene-PA0668-gene-PA0668.1,,,n.721670A>G,,,,,,,GT:PL,"1:255,0"
SRR2037125,NC_002516.2,721718,721718,A,G,SNPS,228.295,"DP=26;VDB=0.406038;SGB=-0.690438;RPBZ=0.539522;MQBZ=4.09242;MQSBZ=2.43563;BQBZ=-0.513405;SCBZ=0.727607;MQ0F=0.384615;AC=1;AN=1;DP4=9,0,6,11;MQ=27;ANN=G",intergenic_region,MODIFIER,tyrZ-PA0668.1,gene-PA0668-gene-PA0668.1,intergenic_region,gene-PA0668-gene-PA0668.1,,,n.721718A>G,,,,,,,GT:PL,"1:255,0"
SRR2037125,NC_002516.2,721725,721725,C,T,SNPS,217.272,"DP=24;VDB=0.207007;SGB=-0.688148;RPBZ=0.0597064;MQBZ=4.01447;MQSBZ=2.65938;BQBZ=-1.23333;SCBZ=0.774597;MQ0F=0.416667;AC=1;AN=1;DP4=9,0,5,10;MQ=24;ANN=T",intergenic_region,MODIFIER,tyrZ-PA0668.1,gene-PA0668-gene-PA0668.1,intergenic_region,gene-PA0668-gene-PA0668.1,,,n.721725C>T,,,,,,,GT:PL,"1:244,0"
SRR2037125,NC_002516.2,721740,721740,C,T,SNPS,207.278,"DP=24;VDB=0.259502;SGB=-0.688148;RPBZ=-0.567087;MQBZ=4.06009;MQSBZ=3.19348;BQBZ=-0.488203;SCBZ=0.774597;MQ0F=0.416667;AC=1;AN=1;DP4=9,0,4,11;MQ=24;ANN=T",intergenic_region,MODIFIER,tyrZ-PA0668.1,gene-PA0668-gene-PA0668.1,intergenic_region,gene-PA0668-gene-PA0668.1,,,n.721740C>T,,,,,,,GT:PL,"1:234,0"
SRR2037125,NC_002516.2,740419,740419,G,GC,Insertion,225.417,"INDEL;IDV=21;IMF=1;DP=21;VDB=0.374041;SGB=-0.692352;MQSBZ=0;BQBZ=-1.85681;MQ0F=0;AC=1;AN=1;DP4=0,0,10,11;MQ=60;ANN=GC",frameshift_variant,HIGH,PA0683,gene-PA0683,transcript,TRANSCRIPT_gene-PA0683,protein_coding,1/1,c.217_218insC,p.Val73fs,218/1146,218/1146,73/381,,;LOF=(PA0683|gene-PA0683|1|1.00),GT:PL,"1:255,0"
SRR2037125,NC_002516.2,789791,789791,G,C,SNPS,11.1544,"DP=58;VDB=0.806339;SGB=-0.693146;RPBZ=-3.30255;MQBZ=0;MQSBZ=0;BQBZ=-1.68322;SCBZ=0;MQ0F=0;AC=1;AN=1;DP4=7,7,24,18;MQ=60;ANN=C",synonymous_variant,LOW,PA0719,gene-PA0719,transcript,TRANSCRIPT_gene-PA0719,protein_coding,1/1,c.138G>C,p.Arg46Arg,138/378,138/378,46/125,,,GT:PL,"1:255,217"
SRR2037125,NC_002516.2,789944,789944,TCCCC,TCCC,Deletion,72.7416,"INDEL;IDV=46;IMF=0.754098;DP=61;VDB=0.380983;SGB=-0.693147;RPBZ=0.0586329;MQBZ=0;MQSBZ=0;BQBZ=-1.87739;SCBZ=0;MQ0F=0;AC=1;AN=1;DP4=10,5,25,20;MQ=60;ANN=TCCC",frameshift_variant,HIGH,PA0719,gene-PA0719,transcript,TRANSCRIPT_gene-PA0719,protein_coding,1/1,c.295delC,p.Gly100fs,295/378,295/378,99/125,,;LOF=(PA0719|gene-PA0719|1|1.00),GT:PL,"1:166,66"
SRR2037125,NC_002516.2,789960,789960,A,C,SNPS,6.02592,"DP=70;VDB=0.826548;SGB=-0.693147;RPBZ=0.847535;MQBZ=0;MQSBZ=0;BQBZ=-0.316111;SCBZ=0;MQ0F=0;AC=1;AN=1;DP4=11,8,27,22;MQ=60;ANN=C",synonymous_variant,LOW,PA0719,gene-PA0719,transcript,TRANSCRIPT_gene-PA0719,protein_coding,1/1,c.307A>C,p.Arg103Arg,307/378,307/378,103/125,,,GT:PL,"1:255,223"
SRR2037125,NC_002516.2,790228,790228,T,C,SNPS,14.931,"DP=72;VDB=0.392631;SGB=-0.693147;RPBZ=1.23049;MQBZ=0;MQSBZ=0;BQBZ=-0.11087;SCBZ=0;MQ0F=0;AC=1;AN=1;DP4=13,6,24,25;MQ=60;ANN=C",synonymous_variant,LOW,PA0720,gene-PA0720,transcript,TRANSCRIPT_gene-PA0720,protein_coding,1/1,c.63T>C,p.Tyr21Tyr,63/435,63/435,21/144,,,GT:PL,"1:255,213"
SRR2037125,NC_002516.2,790267,790267,A,G,SNPS,12.9694,"DP=68;VDB=0.918508;SGB=-0.693147;RPBZ=0.561582;MQBZ=0;MQSBZ=0;BQBZ=1.3115;SCBZ=0.666667;MQ0F=0;AC=1;AN=1;DP4=15,5,22,23;MQ=60;ANN=G",synonymous_variant,LOW,PA0720,gene-PA0720,transcript,TRANSCRIPT_gene-PA0720,protein_coding,1/1,c.102A>G,p.Gln34Gln,102/435,102/435,34/144,,,GT:PL,"1:255,215"
SRR2037125,NC_002516.2,791198,791198,T,C,SNPS,12.1226,"DP=83;VDB=0.97781;SGB=-0.693147;RPBZ=1.37097;MQBZ=0;MQSBZ=0;BQBZ=-1.02782;SCBZ=0;MQ0F=0;AC=1;AN=1;DP4=4,15,24,36;MQ=60;ANN=C",synonymous_variant,LOW,coaB,gene-PA0723,transcript,TRANSCRIPT_gene-PA0723,protein_coding,1/1,c.213T>C,p.Val71Val,213/249,213/249,71/82,,,GT:PL,"1:255,216"
SRR2037125,NC_002516.2,792114,792114,A,G,SNPS,26.7957,"DP=52;VDB=0.854638;SGB=-0.693139;RPBZ=-0.302648;MQBZ=0;MQSBZ=0;BQBZ=0.352588;SCBZ=0;MQ0F=0;AC=1;AN=1;DP4=5,9,22,14;MQ=60;ANN=G",missense_variant,MODERATE,PA0724,gene-PA0724,transcript,TRANSCRIPT_gene-PA0724,protein_coding,1/1,c.745A>G,p.Ser249Gly,745/1263,745/1263,249/420,,WARNING_TRANSCRIPT_NO_START_CODON,GT:PL,"1:255,201"
SRR2037125,NC_002516.2,792119,792119,C,T,SNPS,27.7586,"DP=51;VDB=0.867393;SGB=-0.693139;RPBZ=-0.940324;MQBZ=0;MQSBZ=0;BQBZ=-0.43162;SCBZ=0.62361;MQ0F=0;AC=1;AN=1;DP4=5,9,21,15;MQ=60;ANN=T",synonymous_variant,LOW,PA0724,gene-PA0724,transcript,TRANSCRIPT_gene-PA0724,protein_coding,1/1,c.750C>T,p.Asp250Asp,750/1263,750/1263,250/420,,WARNING_TRANSCRIPT_NO_START_CODON,GT:PL,"1:255,200"
SRR2037125,NC_002516.2,792124,792124,G,A,SNPS,41.7454,"DP=49;VDB=0.632117;SGB=-0.693127;RPBZ=-1.22389;MQBZ=0;MQSBZ=0;BQBZ=0.70387;SCBZ=0.6742;MQ0F=0;AC=1;AN=1;DP4=5,10,21,12;MQ=60;ANN=A",missense_variant,MODERATE,PA0724,gene-PA0724,transcript,TRANSCRIPT_gene-PA0724,protein_coding,1/1,c.755G>A,p.Gly252Asp,755/1263,755/1263,252/420,,WARNING_TRANSCRIPT_NO_START_CODON,GT:PL,"1:255,186"
SRR2037125,NC_002516.2,792152,792152,T,C,SNPS,106.927,"DP=46;VDB=0.151434;SGB=-0.69312;RPBZ=-0.348083;MQBZ=0;MQSBZ=0;BQBZ=1.58991;SCBZ=0.586302;MQ0F=0;AC=1;AN=1;DP4=2,9,20,12;MQ=60;ANN=C",synonymous_variant,LOW,PA0724,gene-PA0724,transcript,TRANSCRIPT_gene-PA0724,protein_coding,1/1,c.783T>C,p.Asn261Asn,783/1263,783/1263,261/420,,WARNING_TRANSCRIPT_NO_START_CODON,GT:PL,"1:255,121"
SRR2037125,NC_002516.2,792185,792185,TGGCGGCG,TGGCG,Deletion,89.8239,"INDEL;IDV=32;IMF=0.64;DP=50;VDB=0.107356;SGB=-0.69312;RPBZ=-1.5365;MQBZ=0;MQSBZ=0;BQBZ=-1.69777;SCBZ=-1.33333;MQ0F=0;AC=1;AN=1;DP4=4,14,18,14;MQ=60;ANN=TGGCG",disruptive_inframe_deletion,MODERATE,PA0724,gene-PA0724,transcript,TRANSCRIPT_gene-PA0724,protein_coding,1/1,c.821_823delGCG,p.Gly274del,821/1263,821/1263,274/420,,WARNING_TRANSCRIPT_NO_START_CODON,GT:PL,"1:255,138"
SRR2037125,NC_002516.2,792275,792275,C,T,SNPS,126.975,"DP=42;VDB=0.459243;SGB=-0.693132;RPBZ=-1.57029;MQBZ=0;MQSBZ=0;BQBZ=-1.93096;SCBZ=0;MQ0F=0;AC=1;AN=1;DP4=1,7,12,22;MQ=60;ANN=T",synonymous_variant,LOW,PA0724,gene-PA0724,transcript,TRANSCRIPT_gene-PA0724,protein_coding,1/1,c.906C>T,p.Asn302Asn,906/1263,906/1263,302/420,,WARNING_TRANSCRIPT_NO_START_CODON,GT:PL,"1:255,101"
SRR2037125,NC_002516.2,792317,792317,C,A,SNPS,151.077,"DP=48;VDB=0.765889;SGB=-0.693145;RPBZ=-0.189936;MQBZ=0;MQSBZ=0;BQBZ=-1.15797;SCBZ=0;MQ0F=0;AC=1;AN=1;DP4=2,5,12,29;MQ=60;ANN=A",synonymous_variant,LOW,PA0724,gene-PA0724,transcript,TRANSCRIPT_gene-PA0724,protein_coding,1/1,c.948C>A,p.Pro316Pro,948/1263,948/1263,316/420,,WARNING_TRANSCRIPT_NO_START_CODON,GT:PL,"1:255,77"
SRR2037125,NC_002516.2,792326,792326,C,T,SNPS,131.039,"DP=49;VDB=0.764898;SGB=-0.693145;RPBZ=-0.0405876;MQBZ=0;MQSBZ=0;BQBZ=0.0760279;SCBZ=0;MQ0F=0;AC=1;AN=1;DP4=3,5,11,30;MQ=60;ANN=T",synonymous_variant,LOW,PA0724,gene-PA0724,transcript,TRANSCRIPT_gene-PA0724,protein_coding,1/1,c.957C>T,p.Pro319Pro,957/1263,957/1263,319/420,,WARNING_TRANSCRIPT_NO_START_CODON,GT:PL,"1:255,97"
SRR2037125,NC_002516.2,792359,792359,C,T,SNPS,87.9733,"DP=49;VDB=0.436672;SGB=-0.693144;RPBZ=1.51948;MQBZ=-0.480384;MQSBZ=-0.6742;BQBZ=-0.729863;SCBZ=0.480384;MQ0F=0;AC=1;AN=1;DP4=4,5,11,28;MQ=59;ANN=T",synonymous_variant,LOW,PA0724,gene-PA0724,transcript,TRANSCRIPT_gene-PA0724,protein_coding,1/1,c.990C>T,p.Thr330Thr,990/1263,990/1263,330/420,,WARNING_TRANSCRIPT_NO_START_CODON,GT:PL,"1:255,140"
SRR2037125,NC_002516.2,792443,792443,T,C,SNPS,31.873,"DP=57;VDB=0.769811;SGB=-0.693145;RPBZ=0.944982;MQBZ=0;MQSBZ=0;BQBZ=-0.703895;SCBZ=0;MQ0F=0;AC=1;AN=1;DP4=9,3,17,23;MQ=60;ANN=C",synonymous_variant,LOW,PA0724,gene-PA0724,transcript,TRANSCRIPT_gene-PA0724,protein_coding,1/1,c.1074T>C,p.Asp358Asp,1074/1263,1074/1263,358/420,,WARNING_TRANSCRIPT_NO_START_CODON,GT:PL,"1:255,196"
SRR2037125,NC_002516.2,792455,792455,C,T,SNPS,6.83496,"DP=61;VDB=0.928879;SGB=-0.693146;RPBZ=1.0287;MQBZ=0;MQSBZ=0;BQBZ=-2.17727;SCBZ=0;MQ0F=0;AC=1;AN=1;DP4=10,3,20,23;MQ=60;ANN=T",synonymous_variant,LOW,PA0724,gene-PA0724,transcript,TRANSCRIPT_gene-PA0724,protein_coding,1/1,c.1086C>T,p.Gly362Gly,1086/1263,1086/1263,362/420,,WARNING_TRANSCRIPT_NO_START_CODON,GT:PL,"1:255,222"
SRR2037125,NC_002516.2,792590,792590,G,A,SNPS,50.8787,"DP=59;VDB=0.0358572;SGB=-0.693145;RPBZ=-0.57683;MQBZ=0;MQSBZ=0;BQBZ=-0.665525;SCBZ=0;MQ0F=0;AC=1;AN=1;DP4=9,4,22,19;MQ=60;ANN=A",synonymous_variant,LOW,PA0724,gene-PA0724,transcript,TRANSCRIPT_gene-PA0724,protein_coding,1/1,c.1221G>A,p.Leu407Leu,1221/1263,1221/1263,407/420,,WARNING_TRANSCRIPT_NO_START_CODON,GT:PL,"1:255,177"
SRR2037125,NC_002516.2,792608,792608,C,T,SNPS,96.9559,"DP=56;VDB=0.244443;SGB=-0.693145;RPBZ=-0.653223;MQBZ=0;MQSBZ=0;BQBZ=0.476115;SCBZ=0.524404;MQ0F=0;AC=1;AN=1;DP4=9,2,22,18;MQ=60;ANN=T",synonymous_variant,LOW,PA0724,gene-PA0724,transcript,TRANSCRIPT_gene-PA0724,protein_coding,1/1,c.1239C>T,p.Ala413Ala,1239/1263,1239/1263,413/420,,WARNING_TRANSCRIPT_NO_START_CODON,GT:PL,"1:255,131"
SRR2037125,NC_002516.2,792696,792696,C,T,SNPS,120.015,"DP=43;VDB=0.750394;SGB=-0.69312;RPBZ=0.0169166;MQBZ=0;MQSBZ=0;BQBZ=1.18872;SCBZ=0.716115;MQ0F=0;AC=1;AN=1;DP4=5,3,16,16;MQ=60;ANN=T",synonymous_variant,LOW,PA0725,gene-PA0725,transcript,TRANSCRIPT_gene-PA0725,protein_coding,1/1,c.60C>T,p.Asp20Asp,60/357,60/357,20/118,,,GT:PL,"1:255,108"
SRR2037125,NC_002516.2,794707,794707,C,G,SNPS,18.8662,"DP=62;VDB=0.289147;SGB=-0.693147;RPBZ=-1.45132;MQBZ=0;MQSBZ=0;BQBZ=0.0850206;SCBZ=3.35807;MQ0F=0;AC=1;AN=1;DP4=6,10,27,18;MQ=60;ANN=G",synonymous_variant,LOW,PA0727,gene-PA0727,transcript,TRANSCRIPT_gene-PA0727,protein_coding,1/1,c.207C>G,p.Leu69Leu,207/1293,207/1293,69/430,,,GT:PL,"1:255,209"
SRR2037125,NC_002516.2,794740,794740,G,A,SNPS,31.8459,"DP=61;VDB=0.283823;SGB=-0.693147;RPBZ=-1.2124;MQBZ=0;MQSBZ=0;BQBZ=-0.655999;SCBZ=2.52655;MQ0F=0;AC=1;AN=1;DP4=6,9,24,21;MQ=60;ANN=A",synonymous_variant,LOW,PA0727,gene-PA0727,transcript,TRANSCRIPT_gene-PA0727,protein_coding,1/1,c.240G>A,p.Glu80Glu,240/1293,240/1293,80/430,,,GT:PL,"1:255,196"
SRR2037125,NC_002516.2,794755,794755,C,T,SNPS,56.8903,"DP=60;VDB=0.549853;SGB=-0.693147;RPBZ=-0.879504;MQBZ=0;MQSBZ=0;BQBZ=1.9491;SCBZ=2.20011;MQ0F=0;AC=1;AN=1;DP4=5,10,24,21;MQ=60;ANN=T",synonymous_variant,LOW,PA0727,gene-PA0727,transcript,TRANSCRIPT_gene-PA0727,protein_coding,1/1,c.255C>T,p.Arg85Arg,255/1293,255/1293,85/430,,,GT:PL,"1:255,171"
SRR2037125,NC_002516.2,794770,794770,C,T,SNPS,67.9165,"DP=56;VDB=0.698976;SGB=-0.693146;RPBZ=0.569236;MQBZ=0;MQSBZ=0;BQBZ=-0.864564;SCBZ=1.79461;MQ0F=0;AC=1;AN=1;DP4=4,8,23,21;MQ=60;ANN=T",synonymous_variant,LOW,PA0727,gene-PA0727,transcript,TRANSCRIPT_gene-PA0727,protein_coding,1/1,c.270C>T,p.Ser90Ser,270/1293,270/1293,90/430,,,GT:PL,"1:255,160"
SRR2037125,NC_002516.2,794797,794797,T,C,SNPS,6.0059,"DP=54;VDB=0.344682;SGB=-0.693141;RPBZ=0.353554;MQBZ=0;MQSBZ=0;BQBZ=0.934165;SCBZ=1.48127;MQ0F=0;AC=1;AN=1;DP4=5,10,20,17;MQ=60;ANN=C",synonymous_variant,LOW,PA0727,gene-PA0727,transcript,TRANSCRIPT_gene-PA0727,protein_coding,1/1,c.297T>C,p.Ala99Ala,297/1293,297/1293,99/430,,,GT:PL,"1:255,223"
SRR2037125,NC_002516.2,794875,794875,A,G,SNPS,4.64832,"DP=61;VDB=0.180322;SGB=-0.693145;RPBZ=0.342402;MQBZ=0;MQSBZ=0;BQBZ=-0.436305;SCBZ=2.20324;MQ0F=0;AC=1;AN=1;DP4=8,7,20,21;MQ=60;ANN=G",synonymous_variant,LOW,PA0727,gene-PA0727,transcript,TRANSCRIPT_gene-PA0727,protein_coding,1/1,c.375A>G,p.Val125Val,375/1293,375/1293,125/430,,,GT:PL,"1:255,225"
SRR2037125,NC_002516.2,794881,794881,T,C,SNPS,16.9344,"DP=61;VDB=0.154447;SGB=-0.693146;RPBZ=1.00303;MQBZ=0;MQSBZ=0;BQBZ=0.756582;SCBZ=2.10304;MQ0F=0;AC=1;AN=1;DP4=8,6,20,22;MQ=60;ANN=C",synonymous_variant,LOW,PA0727,gene-PA0727,transcript,TRANSCRIPT_gene-PA0727,protein_coding,1/1,c.381T>C,p.Pro127Pro,381/1293,381/1293,127/430,,,GT:PL,"1:255,211"
SRR2037125,NC_002516.2,816529,816529,GCCC,GCCCC,Insertion,225.417,"INDEL;IDV=17;IMF=0.944444;DP=18;VDB=0.093896;SGB=-0.691153;RPBZ=-0.868261;MQBZ=0;MQSBZ=0;BQBZ=-1.96838;SCBZ=0;MQ0F=0;AC=1;AN=1;DP4=0,0,9,9;MQ=60;ANN=GCCCC",non_coding_transcript_variant,MODIFIER,gene-PA0748,null.3,transcript,gene-PA0748,pseudogene,,,,,,,,,GT:PL,"1:255,0"
SRR2037125,NC_002516.2,891099,891099,AC,ACC,Insertion,225.417,"INDEL;IDV=24;IMF=1;DP=24;VDB=0.819656;SGB=-0.692831;MQSBZ=0;BQBZ=-2.61227;MQ0F=0;AC=1;AN=1;DP4=0,0,10,14;MQ=60;ANN=ACC",intergenic_region,MODIFIER,PA0812-PA0813,gene-PA0812-gene-PA0813,intergenic_region,gene-PA0812-gene-PA0813,,,n.891100_891101insC,,,,,,,GT:PL,"1:255,0"
SRR2037125,NC_002516.2,1116213,1116213,G,GC,Insertion,225.417,"INDEL;IDV=28;IMF=1;DP=28;VDB=0.470459;SGB=-0.693054;MQSBZ=0;BQBZ=-1.65647;MQ0F=0;AC=1;AN=1;DP4=0,0,15,13;MQ=60;ANN=GC",non_coding_transcript_variant,MODIFIER,gene-PA1029,null.4,transcript,gene-PA1029,pseudogene,,,,,,,,,GT:PL,"1:255,0"
SRR2037125,NC_002516.2,1215657,1215657,AGG,AGGG,Insertion,225.417,"INDEL;IDV=24;IMF=0.96;DP=25;VDB=0.0409335;SGB=-0.692831;RPBZ=1.6657;MQBZ=0;MQSBZ=0;BQBZ=-1.49592;SCBZ=0;MQ0F=0;AC=1;AN=1;DP4=0,0,12,12;MQ=60;ANN=AGGG",non_coding_transcript_variant,MODIFIER,gene-PA1122,null.5,transcript,gene-PA1122,pseudogene,,,,,,,,,GT:PL,"1:255,0"
SRR2037125,NC_002516.2,1275766,1275766,GAA,GA,Deletion,177.367,"INDEL;IDV=9;IMF=0.9;DP=10;VDB=0.308844;SGB=-0.662043;RPBZ=-1.57147;MQBZ=0;MQSBZ=0;BQBZ=-1.62549;SCBZ=-3;MQ0F=0;AC=1;AN=1;DP4=1,0,5,4;MQ=60;ANN=GA",frameshift_variant,HIGH,napA,gene-PA1174,transcript,TRANSCRIPT_gene-PA1174,protein_coding,1/1,c.31delT,p.Phe11fs,31/2490,31/2490,11/829,,WARNING_TRANSCRIPT_NO_START_CODON,GT:PL,"1:204,0"
SRR2037125,NC_002516.2,1440622,1440622,CAAA,CAA,Deletion,225.417,"INDEL;IDV=14;IMF=1;DP=14;VDB=0.877674;SGB=-0.686358;MQSBZ=0;BQBZ=-1.7461;MQ0F=0;AC=1;AN=1;DP4=0,0,7,7;MQ=60;ANN=CAA",frameshift_variant,HIGH,PA1327,gene-PA1327,transcript,TRANSCRIPT_gene-PA1327,protein_coding,1/1,c.1920delA,p.Pro642fs,1920/1971,1920/1971,640/656,,,GT:PL,"1:255,0"
SRR2037125,NC_002516.2,1445357,1445357,A,AG,Insertion,228.412,"INDEL;IDV=13;IMF=0.866667;DP=15;VDB=0.643938;SGB=-0.686358;RPBZ=-1.69842;MQBZ=0;MQSBZ=0;BQBZ=-1.70952;SCBZ=-2.54951;MQ0F=0;AC=1;AN=1;DP4=1,0,10,4;MQ=60;ANN=AG",intergenic_region,MODIFIER,PA1332-PA1333,gene-PA1332-gene-PA1333,intergenic_region,gene-PA1332-gene-PA1333,,,n.1445357_1445358insG,,,,,,,GT:PL,"1:255,0"
SRR2037125,NC_002516.2,1467482,1467482,A,AGC,Insertion,225.417,"INDEL;IDV=21;IMF=0.954545;DP=22;VDB=0.446339;SGB=-0.692352;RPBZ=-0.7097;MQBZ=0;MQSBZ=0;BQBZ=-1.63691;SCBZ=0;MQ0F=0;AC=1;AN=1;DP4=0,0,10,11;MQ=60;ANN=AGC",intergenic_region,MODIFIER,PA1352-PA1353,gene-PA1352-gene-PA1353,intergenic_region,gene-PA1352-gene-PA1353,,,n.1467482_1467483insGC,,,,,,,GT:PL,"1:255,0"
SRR2037125,NC_002516.2,1587941,1587941,T,G,SNPS,134.416,"DP=6;VDB=0.00398637;SGB=-0.616816;MQSBZ=0.69282;MQ0F=0;AC=1;AN=1;DP4=0,0,5,1;MQ=53;ANN=G",missense_variant,MODERATE,PA1458,gene-PA1458,transcript,TRANSCRIPT_gene-PA1458,protein_coding,1/1,c.919T>G,p.Ser307Ala,919/2262,919/2262,307/753,,,GT:PL,"1:164,0"
SRR2037125,NC_002516.2,1587943,1587943,G,A,SNPS,134.416,"DP=6;VDB=0.00464265;SGB=-0.616816;MQSBZ=0.69282;MQ0F=0;AC=1;AN=1;DP4=0,0,5,1;MQ=53;ANN=A",synonymous_variant,LOW,PA1458,gene-PA1458,transcript,TRANSCRIPT_gene-PA1458,protein_coding,1/1,c.921G>A,p.Ser307Ser,921/2262,921/2262,307/753,,,GT:PL,"1:164,0"
SRR2037125,NC_002516.2,1589438,1589438,G,C,SNPS,225.417,"DP=21;VDB=0.407714;SGB=-0.692352;MQSBZ=0;MQ0F=0;AC=1;AN=1;DP4=0,0,9,12;MQ=60;ANN=C",missense_variant,MODERATE,PA1459,gene-PA1459,transcript,TRANSCRIPT_gene-PA1459,protein_coding,1/1,c.101G>C,p.Gly34Ala,101/1107,101/1107,34/368,,,GT:PL,"1:255,0"
SRR2037125,NC_002516.2,1716441,1716441,G,C,SNPS,225.417,"DP=16;VDB=0.0343018;SGB=-0.689466;MQSBZ=0;MQ0F=0;AC=1;AN=1;DP4=0,0,9,7;MQ=60;ANN=C",synonymous_variant,LOW,PA1576,gene-PA1576,transcript,TRANSCRIPT_gene-PA1576,protein_coding,1/1,c.633G>C,p.Ala211Ala,633/867,633/867,211/288,,,GT:PL,"1:255,0"
SRR2037125,NC_002516.2,1835045,1835045,G,GC,Insertion,228.39,"INDEL;IDV=19;IMF=0.904762;DP=21;VDB=0.0610595;SGB=-0.69168;RPBZ=-2.27636;MQBZ=0;MQSBZ=0;BQBZ=-1.8306;SCBZ=-3.08221;MQ0F=0;AC=1;AN=1;DP4=1,1,7,12;MQ=60;ANN=GC",frameshift_variant,HIGH,masA,gene-PA1685,transcript,TRANSCRIPT_gene-PA1685,protein_coding,1/1,c.653_654insC,p.Ser219fs,654/750,654/750,218/249,,;LOF=(masA|gene-PA1685|1|1.00),GT:PL,"1:255,0"
SRR2037125,NC_002516.2,2169348,2169348,AGG,AGGG,Insertion,228.398,"INDEL;IDV=15;IMF=0.9375;DP=16;VDB=0.466689;SGB=-0.688148;RPBZ=-1.63058;MQBZ=0;MQSBZ=0;BQBZ=0.284988;SCBZ=-3.87298;MQ0F=0;AC=1;AN=1;DP4=0,1,5,10;MQ=60;ANN=AGGG",intergenic_region,MODIFIER,exaA-exaB,gene-PA1982-gene-PA1983,intergenic_region,gene-PA1982-gene-PA1983,,,n.2169350_2169351insG,,,,,,,GT:PL,"1:255,0"
SRR2037125,NC_002516.2,2186927,2186927,G,GC,Insertion,228.416,"INDEL;IDV=20;IMF=0.952381;DP=21;VDB=0.926015;SGB=-0.692067;RPBZ=-1.65198;MQBZ=0;MQSBZ=0;BQBZ=-1.61472;SCBZ=-4.47214;MQ0F=0;AC=1;AN=1;DP4=0,1,10,10;MQ=60;ANN=GC",intergenic_region,MODIFIER,dhcB-atoB,gene-PA2000-gene-PA2001,intergenic_region,gene-PA2000-gene-PA2001,,,n.2186927_2186928insC,,,,,,,GT:PL,"1:255,0"
SRR2037125,NC_002516.2,2195457,2195457,GCCCCC,GCCCCCC,Insertion,228.368,"INDEL;IDV=18;IMF=0.9;DP=20;VDB=0.766804;SGB=-0.691153;RPBZ=-2.27035;MQBZ=0;MQSBZ=0;BQBZ=-1.78227;SCBZ=0;MQ0F=0;AC=1;AN=1;DP4=1,1,8,10;MQ=60;ANN=GCCCCCC",intergenic_region,MODIFIER,PA2006-maiA,gene-PA2006-gene-PA2007,intergenic_region,gene-PA2006-gene-PA2007,,,n.2195462_2195463insC,,,,,,,GT:PL,"1:255,0"
SRR2037125,NC_002516.2,2234338,2234338,T,C,SNPS,225.421,"DP=20;VDB=0.627677;SGB=-0.691153;MQSBZ=0;MQ0F=0;AC=1;AN=1;DP4=0,0,11,7;MQ=60;ANN=C",missense_variant,MODERATE,PA2042,gene-PA2042,transcript,TRANSCRIPT_gene-PA2042,protein_coding,1/1,c.259T>C,p.Tyr87His,259/1230,259/1230,87/409,,,GT:PL,"1:255,0"
SRR2037125,NC_002516.2,2239547,2239547,T,G,SNPS,225.417,"DP=13;VDB=0.14446;SGB=-0.683931;MQSBZ=0;MQ0F=0;AC=1;AN=1;DP4=0,0,8,5;MQ=60;ANN=G",non_coding_transcript_variant,MODIFIER,gene-PA2046,null.7,transcript,gene-PA2046,pseudogene,,,,,,,,,GT:PL,"1:255,0"
SRR2037125,NC_002516.2,2239555,2239555,A,AG,Insertion,228.393,"INDEL;IDV=13;IMF=0.928571;DP=14;VDB=0.245025;SGB=-0.683931;RPBZ=-1.61423;MQBZ=0;MQSBZ=0;SCBZ=0;MQ0F=0;AC=1;AN=1;DP4=0,1,9,4;MQ=60;ANN=AG",non_coding_transcript_variant,MODIFIER,gene-PA2046,null.7,transcript,gene-PA2046,pseudogene,,,,,,,,,GT:PL,"1:255,0"
SRR2037125,NC_002516.2,2342110,2342110,CT,CTT,Insertion,225.417,"INDEL;IDV=12;IMF=1;DP=12;VDB=0.781161;SGB=-0.680642;MQSBZ=0;BQBZ=-1.7461;MQ0F=0;AC=1;AN=1;DP4=0,0,4,8;MQ=60;ANN=CTT",intergenic_region,MODIFIER,PA2127-cupA1,gene-PA2127-gene-PA2128,intergenic_region,gene-PA2127-gene-PA2128,,,n.2342111_2342112insT,,,,,,,GT:PL,"1:255,0"
SRR2037125,NC_002516.2,2355771,2355771,A,AG,Insertion,225.417,"INDEL;IDV=16;IMF=0.941176;DP=17;VDB=0.0895981;SGB=-0.690438;RPBZ=-1.63399;MQBZ=0;MQSBZ=0;BQBZ=-1.79863;SCBZ=0;MQ0F=0;AC=1;AN=1;DP4=0,0,9,8;MQ=60;ANN=AG",non_coding_transcript_variant,MODIFIER,gene-PA2139,null.8,transcript,gene-PA2139,pseudogene,,,,,,,,,GT:PL,"1:255,0"
SRR2037125,NC_002516.2,2356681,2356681,GCCC,GCC,Deletion,228.392,"INDEL;IDV=18;IMF=0.947368;DP=19;VDB=0.632406;SGB=-0.691153;RPBZ=-1.64461;MQBZ=0;MQSBZ=0;BQBZ=-1.68997;SCBZ=-4.24264;MQ0F=0;AC=1;AN=1;DP4=1,0,10,8;MQ=60;ANN=GCC",frameshift_variant,HIGH,PA2141,gene-PA2141,transcript,TRANSCRIPT_gene-PA2141,protein_coding,1/1,c.517delC,p.Leu173fs,517/549,517/549,173/182,,;LOF=(PA2141|gene-PA2141|1|1.00),GT:PL,"1:255,0"
SRR2037125,NC_002516.2,2532046,2532046,G,GC,Insertion,228.403,"INDEL;IDV=21;IMF=0.954545;DP=22;VDB=0.601048;SGB=-0.692352;RPBZ=1.65597;MQBZ=0;MQSBZ=0;BQBZ=-1.79124;SCBZ=0;MQ0F=0;AC=1;AN=1;DP4=0,1,12,9;MQ=60;ANN=GC",intergenic_region,MODIFIER,chiC-PA2301,gene-PA2300-gene-PA2301,intergenic_region,gene-PA2300-gene-PA2301,,,n.2532046_2532047insC,,,,,,,GT:PL,"1:255,0"
SRR2037125,NC_002516.2,2669175,2669175,G,C,SNPS,225.417,"DP=19;VDB=0.992821;SGB=-0.691153;MQSBZ=0;MQ0F=0;AC=1;AN=1;DP4=0,0,8,10;MQ=60;ANN=C",missense_variant,MODERATE,pvdJ,gene-PA2400,transcript,TRANSCRIPT_gene-PA2400,protein_coding,1/1,c.2455C>G,p.Pro819Ala,2455/6474,2455/6474,819/2157,,,GT:PL,"1:255,0"
SRR2037125,NC_002516.2,2753522,2753522,G,GC,Insertion,225.417,"INDEL;IDV=18;IMF=1;DP=18;VDB=0.156408;SGB=-0.691153;MQSBZ=0;BQBZ=-1.82782;MQ0F=0;AC=1;AN=1;DP4=0,0,6,12;MQ=60;ANN=GC",non_coding_transcript_variant,MODIFIER,gene-PA2451,null.9,transcript,gene-PA2451,pseudogene,,,,,,,,,GT:PL,"1:255,0"
SRR2037125,NC_002516.2,2806625,2806625,C,T,SNPS,225.417,"DP=27;VDB=0.617548;SGB=-0.693021;MQSBZ=0;MQ0F=0;AC=1;AN=1;DP4=0,0,14,13;MQ=60;ANN=T",missense_variant,MODERATE,PA2491,gene-PA2491,transcript,TRANSCRIPT_gene-PA2491,protein_coding,1/1,c.745G>A,p.Asp249Asn,745/1020,745/1020,249/339,,,GT:PL,"1:255,0"
SRR2037125,NC_002516.2,2807693,2807693,TCGGCCAGCCGGCCAGCCGGCCA,TCGGCCAGCCGGCCA,Deletion,228.402,"INDEL;IDV=13;IMF=0.928571;DP=14;VDB=0.462868;SGB=-0.683931;RPBZ=-1.61423;MQBZ=0;MQSBZ=0;BQBZ=-1.47432;SCBZ=0;MQ0F=0;AC=1;AN=1;DP4=0,1,8,5;MQ=60;ANN=TCGGCCAGCCGGCCA",frameshift_variant,HIGH,mexT,gene-PA2492,transcript,TRANSCRIPT_gene-PA2492,protein_coding,1/1,c.240_247delGCCGGCCA,p.Gln80fs,240/1044,240/1044,80/347,,;LOF=(mexT|gene-PA2492|1|1.00),GT:PL,"1:255,0"
SRR2037125,NC_002516.2,2807982,2807982,T,A,SNPS,225.417,"DP=17;VDB=0.161548;SGB=-0.690438;MQSBZ=0;MQ0F=0;AC=1;AN=1;DP4=0,0,11,6;MQ=60;ANN=A",missense_variant,MODERATE,mexT,gene-PA2492,transcript,TRANSCRIPT_gene-PA2492,protein_coding,1/1,c.514T>A,p.Phe172Ile,514/1044,514/1044,172/347,,,GT:PL,"1:255,0"
SRR2037125,NC_002516.2,3016844,3016844,GC,GCC,Insertion,225.417,"INDEL;IDV=21;IMF=1;DP=21;VDB=0.60283;SGB=-0.692352;MQSBZ=0;BQBZ=-1.71133;MQ0F=0;AC=1;AN=1;DP4=0,0,8,13;MQ=60;ANN=GCC",non_coding_transcript_variant,MODIFIER,gene-PA2668,null.10,transcript,gene-PA2668,pseudogene,,,,,,,,,GT:PL,"1:255,0"
SRR2037125,NC_002516.2,3083196,3083196,A,AG,Insertion,225.417,"INDEL;IDV=19;IMF=1;DP=19;VDB=0.917513;SGB=-0.69168;MQSBZ=0;BQBZ=-1.83011;MQ0F=0;AC=1;AN=1;DP4=0,0,10,9;MQ=60;ANN=AG",non_coding_transcript_variant,MODIFIER,gene-PA2727,null.11,transcript,gene-PA2727,pseudogene,,,,,,,,,GT:PL,"1:255,0"
SRR2037125,NC_002516.2,3919508,3919508,G,GC,Insertion,225.417,"INDEL;IDV=19;IMF=1;DP=19;VDB=0.242607;SGB=-0.691153;MQSBZ=0;BQBZ=-2.22511;MQ0F=0;AC=1;AN=1;DP4=0,0,6,12;MQ=60;ANN=GC",non_coding_transcript_variant,MODIFIER,gene-PA3503,null.13,transcript,gene-PA3503,pseudogene,,,,,,,,,GT:PL,"1:255,0"
SRR2037125,NC_002516.2,4212201,4212201,A,G,SNPS,225.417,"DP=25;VDB=0.601347;SGB=-0.692717;MQSBZ=0;MQ0F=0;AC=1;AN=1;DP4=0,0,14,9;MQ=60;ANN=G",missense_variant,MODERATE,PA3760,gene-PA3760,transcript,TRANSCRIPT_gene-PA3760,protein_coding,1/1,c.1907A>G,p.His636Arg,1907/2529,1907/2529,636/842,,,GT:PL,"1:255,0"
SRR2037125,NC_002516.2,4344266,4344266,A,G,SNPS,225.417,"DP=23;VDB=0.696824;SGB=-0.692562;MQSBZ=0;MQ0F=0;AC=1;AN=1;DP4=0,0,12,10;MQ=60;ANN=G",synonymous_variant,LOW,narK1,gene-PA3877,transcript,TRANSCRIPT_gene-PA3877,protein_coding,1/1,c.570T>C,p.Leu190Leu,570/1296,570/1296,190/431,,,GT:PL,"1:255,0"
SRR2037125,NC_002516.2,4448855,4448855,C,G,SNPS,225.417,"DP=22;VDB=0.855328;SGB=-0.692352;MQSBZ=0;MQ0F=0;AC=1;AN=1;DP4=0,0,9,12;MQ=60;ANN=G",intergenic_region,MODIFIER,PA3969a-amn,gene-PA3969a-gene-PA3970,intergenic_region,gene-PA3969a-gene-PA3970,,,n.4448855C>G,,,,,,,GT:PL,"1:255,0"
SRR2037125,NC_002516.2,4448856,4448856,G,C,SNPS,225.417,"DP=22;VDB=0.862559;SGB=-0.692352;MQSBZ=0;MQ0F=0;AC=1;AN=1;DP4=0,0,9,12;MQ=60;ANN=C",intergenic_region,MODIFIER,PA3969a-amn,gene-PA3969a-gene-PA3970,intergenic_region,gene-PA3969a-gene-PA3970,,,n.4448856G>C,,,,,,,GT:PL,"1:255,0"
SRR2037125,NC_002516.2,4539468,4539468,GC,GCC,Insertion,225.417,"INDEL;IDV=19;IMF=0.95;DP=20;VDB=0.0634953;SGB=-0.692067;RPBZ=-1.64813;MQBZ=0;MQSBZ=0;BQBZ=-1.86131;SCBZ=0;MQ0F=0;AC=1;AN=1;DP4=0,0,10,10;MQ=60;ANN=GCC",non_coding_transcript_variant,MODIFIER,gene-PA4058,null.14,transcript,gene-PA4058,pseudogene,,,,,,,,,GT:PL,"1:255,0"
SRR2037125,NC_002516.2,4869855,4869855,T,G,SNPS,225.417,"DP=20;VDB=0.789733;SGB=-0.69168;MQSBZ=0;MQ0F=0;AC=1;AN=1;DP4=0,0,7,12;MQ=60;ANN=G",missense_variant,MODERATE,PA4341,gene-PA4341,transcript,TRANSCRIPT_gene-PA4341,protein_coding,1/1,c.474A>C,p.Glu158Asp,474/771,474/771,158/256,,,GT:PL,"1:255,0"
SRR2037125,NC_002516.2,4888194,4888194,A,AG,Insertion,228.409,"INDEL;IDV=25;IMF=0.925926;DP=27;VDB=0.797516;SGB=-0.692914;RPBZ=-1.75986;MQBZ=0;MQSBZ=0;BQBZ=-1.87784;SCBZ=0;MQ0F=0;AC=1;AN=1;DP4=0,1,13,12;MQ=60;ANN=AG",non_coding_transcript_variant,MODIFIER,gene-PA4360,null.15,transcript,gene-PA4360,pseudogene,,,,,,,,,GT:PL,"1:255,0"
SRR2037125,NC_002516.2,4924552,4924552,C,G,SNPS,225.417,"DP=20;VDB=0.191244;SGB=-0.691153;MQSBZ=0;MQ0F=0;AC=1;AN=1;DP4=0,0,8,10;MQ=60;ANN=G",missense_variant,MODERATE,PA4394,gene-PA4394,transcript,TRANSCRIPT_gene-PA4394,protein_coding,1/1,c.532G>C,p.Val178Leu,532/837,532/837,178/278,,,GT:PL,"1:255,0"
SRR2037125,NC_002516.2,4924553,4924553,G,C,SNPS,225.417,"DP=20;VDB=0.183541;SGB=-0.691153;MQSBZ=0;MQ0F=0;AC=1;AN=1;DP4=0,0,8,10;MQ=60;ANN=C",synonymous_variant,LOW,PA4394,gene-PA4394,transcript,TRANSCRIPT_gene-PA4394,protein_coding,1/1,c.531C>G,p.Pro177Pro,531/837,531/837,177/278,,,GT:PL,"1:255,0"
SRR2037125,NC_002516.2,5033101,5033101,G,GC,Insertion,225.417,"INDEL;IDV=21;IMF=1;DP=21;VDB=0.656266;SGB=-0.692352;MQSBZ=0;BQBZ=-1.99289;MQ0F=0;AC=1;AN=1;DP4=0,0,10,11;MQ=60;ANN=GC",intergenic_region,MODIFIER,PA4496-PA4497,gene-PA4496-gene-PA4497,intergenic_region,gene-PA4496-gene-PA4497,,,n.5033101_5033102insC,,,,,,,GT:PL,"1:255,0"
SRR2037125,NC_002516.2,5036891,5036891,A,C,SNPS,225.417,"DP=24;VDB=0.906225;SGB=-0.69168;MQSBZ=0;MQ0F=0;AC=1;AN=1;DP4=0,0,12,7;MQ=60;ANN=C",intergenic_region,MODIFIER,PA4499-PA4500,gene-PA4499-gene-PA4500,intergenic_region,gene-PA4499-gene-PA4500,,,n.5036891A>C,,,,,,,GT:PL,"1:255,0"
SRR2037125,NC_002516.2,5071543,5071543,AACTGACTGAC,AACTGAC,Deletion,228.391,"INDEL;IDV=16;IMF=0.888889;DP=18;VDB=0.00105768;SGB=-0.689466;RPBZ=-2.25013;MQBZ=0;MQSBZ=0;BQBZ=-1.72651;SCBZ=-2.82843;MQ0F=0;AC=1;AN=1;DP4=0,2,3,13;MQ=60;ANN=AACTGAC",intergenic_region,MODIFIER,pilB-pilC,gene-PA4526-pilC,intergenic_region,gene-PA4526-pilC,,,n.5071550_5071553delTGAC,,,,,,,GT:PL,"1:255,0"
SRR2037125,NC_002516.2,5472415,5472415,CG,CGG,Insertion,228.396,"INDEL;IDV=23;IMF=0.92;DP=25;VDB=0.34546;SGB=-0.692717;RPBZ=-2.30473;MQBZ=0;MQSBZ=0;BQBZ=-1.6343;SCBZ=-3.39117;MQ0F=0;AC=1;AN=1;DP4=2,0,17,6;MQ=60;ANN=CGG",non_coding_transcript_variant,MODIFIER,gene-PA4875,null.17,transcript,gene-PA4875,pseudogene,,,,,,,,,GT:PL,"1:255,0"
SRR2037125,NC_002516.2,5655220,5655220,CCGGCGGCGGC,CCGGCGGCGGCGGC,Insertion,228.412,"INDEL;IDV=25;IMF=0.862069;DP=29;VDB=0.616061;SGB=-0.692914;RPBZ=-0.253076;MQBZ=0;MQSBZ=0;BQBZ=-1.59672;SCBZ=-2.5;MQ0F=0;AC=1;AN=1;DP4=1,0,16,9;MQ=60;ANN=CCGGCGGCGGCGGC",conservative_inframe_insertion,MODERATE,PA5024,gene-PA5024,transcript,TRANSCRIPT_gene-PA5024,protein_coding,1/1,c.673_675dupGGC,p.Gly225dup,676/972,676/972,226/323,,,GT:PL,"1:255,0"
SRR2037125,NC_002516.2,5743461,5743461,C,G,SNPS,225.417,"DP=22;VDB=0.0147775;SGB=-0.692352;MQSBZ=0;MQ0F=0;AC=1;AN=1;DP4=0,0,8,13;MQ=60;ANN=G",synonymous_variant,LOW,hutU,gene-PA5100,transcript,TRANSCRIPT_gene-PA5100,protein_coding,1/1,c.1293G>C,p.Thr431Thr,1293/1680,1293/1680,431/559,,WARNING_TRANSCRIPT_NO_START_CODON,GT:PL,"1:255,0"
SRR2037125,NC_002516.2,5743462,5743462,G,C,SNPS,225.417,"DP=22;VDB=0.0145489;SGB=-0.692352;MQSBZ=0;MQ0F=0;AC=1;AN=1;DP4=0,0,8,13;MQ=60;ANN=C",missense_variant,MODERATE,hutU,gene-PA5100,transcript,TRANSCRIPT_gene-PA5100,protein_coding,1/1,c.1292C>G,p.Thr431Arg,1292/1680,1292/1680,431/559,,WARNING_TRANSCRIPT_NO_START_CODON,GT:PL,"1:255,0"
SRR2037125,NC_002516.2,6079222,6079222,A,G,SNPS,225.417,"DP=30;VDB=0.890298;SGB=-0.693054;MQSBZ=0;MQ0F=0;AC=1;AN=1;DP4=0,0,13,15;MQ=60;ANN=G",synonymous_variant,LOW,dgcB,gene-PA5399,transcript,TRANSCRIPT_gene-PA5399,protein_coding,1/1,c.1179A>G,p.Leu393Leu,1179/1962,1179/1962,393/653,,,GT:PL,"1:255,0"
SRR2037125,NC_002516.2,6098781,6098781,G,C,SNPS,225.417,"DP=22;VDB=0.186781;SGB=-0.692067;MQSBZ=0;MQ0F=0;AC=1;AN=1;DP4=0,0,10,10;MQ=60;ANN=C",synonymous_variant,LOW,soxA,gene-PA5418,transcript,TRANSCRIPT_gene-PA5418,protein_coding,1/1,c.1758G>C,p.Gly586Gly,1758/3018,1758/3018,586/1005,,,GT:PL,"1:255,0"
SRR2037125,NC_002516.2,6115455,6115455,T,G,SNPS,228.384,"DP=14;VDB=0.225613;SGB=-0.683931;RPBZ=0.870158;MQBZ=0;MQSBZ=0;BQBZ=2.24846;SCBZ=0;MQ0F=0;AC=1;AN=1;DP4=0,1,9,4;MQ=60;ANN=G",missense_variant,MODERATE,mtr,gene-PA5434,transcript,TRANSCRIPT_gene-PA5434,protein_coding,1/1,c.858A>C,p.Lys286Asn,858/1254,858/1254,286/417,,WARNING_TRANSCRIPT_NO_START_CODON,GT:PL,"1:255,0"
